"Scenario","China (export)","Maaden","Mosaic","OCP","PhosAgro/EuroChem"
"Business As Usual",4193,1545,4123,1729,2728
"Business As Usual",3164,1460,4057,1666,2784
"Business As Usual",3012,1284,3918,1841,1985
"Business As Usual",3987,378,4324,1960,2759
"Business As Usual",3696,1416,4334,1985,2511
"Business As Usual",4123,1350,4816,1740,2517
"Business As Usual",3541,1056,4152,1899,2626
"Business As Usual",3633,1404,4213,2159,2831
"Business As Usual",4035,1522,4658,2161,3075
"Business As Usual",3827,1313,3402,1739,2501
"Business As Usual",3286,643,4466,1835,2610
"Business As Usual",4222,1522,4200,1312,2954
"Business As Usual",3349,1191,4237,1554,2604
"Business As Usual",3810,1262,4237,1752,2419
"Business As Usual",3634,1029,4010,1236,2728
"Business As Usual",3701,668,4197,1332,2716
"Business As Usual",3989,1297,3662,2146,2916
"Business As Usual",4004,1753,4262,954,3139
"Business As Usual",3510,1105,3852,2838,2803
"Business As Usual",3152,642,4039,2105,2615
"Business As Usual",3530,955,3851,1590,2535
"Business As Usual",3451,1387,4555,1496,2472
"Business As Usual",4063,1152,3573,1819,2939
"Business As Usual",3386,1090,3296,2063,2701
"Business As Usual",3943,1341,4378,1968,2409
"Business As Usual",4585,1130,3697,2064,2599
"Business As Usual",4186,1662,4710,1917,1863
"Business As Usual",2902,1040,4564,959,3383
"Business As Usual",4057,964,3525,1773,2828
"Business As Usual",3993,1363,4334,2009,2517
"Business As Usual",3556,1113,5033,1629,2510
"Business As Usual",3641,2121,3980,2096,2344
"Business As Usual",2718,628,4128,1886,2494
"Business As Usual",3714,266,3902,2442,2455
"Business As Usual",3971,1371,3934,2066,3587
"Business As Usual",3556,1089,3854,898,2033
"Business As Usual",2810,1389,4397,1747,2565
"Business As Usual",4059,449,4126,2000,2714
"Business As Usual",3782,1262,5009,1153,2807
"Business As Usual",3397,1179,4168,868,1599
"Business As Usual",3997,1882,4539,1715,2789
"Business As Usual",3965,1158,4076,1609,2715
"Business As Usual",2762,1062,4329,1687,2820
"Business As Usual",3083,1338,3838,1712,2578
"Business As Usual",4126,1283,4129,1440,2421
"Business As Usual",3612,1521,3741,1848,2936
"Business As Usual",3592,1360,4208,2094,2649
"Business As Usual",3632,1489,4015,2130,3063
"Business As Usual",3800,668,4007,1795,2748
"Business As Usual",3729,1380,4214,2162,2535
"Business As Usual",3462,1286,4373,1659,2710
"Business As Usual",3291,886,4137,1764,3461
"Business As Usual",4090,1192,4597,2381,2570
"Business As Usual",3726,1144,4657,2059,3332
"Business As Usual",4277,1440,5093,2382,2892
"Business As Usual",3020,1082,4142,1245,2670
"Business As Usual",3775,1175,5098,1799,2425
"Business As Usual",3427,733,3467,1502,2417
"Business As Usual",3455,1192,5187,1928,2284
"Business As Usual",4023,1433,4259,1361,2819
"Business As Usual",3694,823,4148,2017,2496
"Business As Usual",4210,1327,4359,1658,2783
"Business As Usual",2839,1665,4310,1807,2598
"Business As Usual",4248,675,4569,1738,2738
"Business As Usual",4278,501,5711,1736,2515
"Business As Usual",4208,1602,3659,2070,2893
"Business As Usual",3384,1362,3714,1816,2001
"Business As Usual",3580,1658,4264,1947,3182
"Business As Usual",3847,1254,4409,1123,2791
"Business As Usual",3508,1029,3914,1645,2624
"Business As Usual",3407,1000,3905,1163,3083
"Business As Usual",4820,375,4450,1688,2840
"Business As Usual",3352,1221,4600,1778,2097
"Business As Usual",3471,1180,3416,2002,2505
"Business As Usual",4177,1184,3911,2387,2709
"Business As Usual",3999,1231,3599,2119,1868
"Business As Usual",2745,1182,4019,1652,2438
"Business As Usual",3339,2085,4239,2005,2436
"Business As Usual",3548,1065,4363,1973,2503
"Business As Usual",3540,1079,4235,1899,2961
"Business As Usual",3944,1594,4320,1858,2665
"Business As Usual",3757,1125,4492,1979,2265
"Business As Usual",3422,1048,3709,2498,2388
"Business As Usual",3450,1246,3851,1644,3511
"Business As Usual",4385,1287,3916,1681,2639
"Business As Usual",3659,1660,4918,1896,3458
"Business As Usual",3453,1265,4230,1646,2066
"Business As Usual",3912,1059,4384,1324,2109
"Business As Usual",4121,1171,3561,972,2686
"Business As Usual",3629,882,4230,950,2523
"Business As Usual",4745,992,4687,2097,3034
"Business As Usual",3739,1101,4189,2012,2511
"Business As Usual",3486,966,4818,1776,2439
"Business As Usual",3244,1279,4932,1770,2740
"Business As Usual",3477,1619,3963,1921,2272
"Business As Usual",3775,1018,4051,1887,2385
"Business As Usual",2738,1060,4020,1858,2650
"Business As Usual",3750,1052,4296,1750,2791
"Business As Usual",3764,259,4206,986,2003
"Business As Usual",3777,1299,4250,1958,2208
"Business As Usual",3446,1458,3866,2848,2537
"Business As Usual",3691,1040,4608,1890,2404
"Business As Usual",3656,249,4202,1644,2580
"Business As Usual",3425,727,4012,1679,3323
"Business As Usual",3746,1029,4318,1816,3056
"Business As Usual",3708,1115,3656,2035,2609
"Business As Usual",3814,890,4155,1843,2571
"Business As Usual",3800,1167,4580,1653,2731
"Business As Usual",3186,903,3865,1600,2927
"Business As Usual",3882,1388,3981,1611,2493
"Business As Usual",3799,1208,4275,1886,2034
"Business As Usual",2800,1382,4361,1857,2860
"Business As Usual",4738,2207,4722,2764,3544
"Business As Usual",3145,1543,4603,2233,3116
"Business As Usual",3848,1457,4290,2097,2496
"Business As Usual",3824,631,4010,1625,2720
"Business As Usual",3211,1316,4710,2684,2633
"Business As Usual",3224,1266,3905,2014,2977
"Business As Usual",3564,1424,3946,1202,2608
"Business As Usual",3638,1651,3558,1559,2815
"Business As Usual",3394,996,3475,1684,2580
"Business As Usual",3429,1147,4135,1879,2351
"Business As Usual",3559,945,3771,2115,2882
"Business As Usual",3181,1351,4253,1111,1889
"Business As Usual",2702,1765,4009,2387,2533
"Business As Usual",3991,1143,4721,1981,2823
"Business As Usual",2837,1518,4214,1894,2590
"Business As Usual",2808,1301,4111,1235,2657
"Business As Usual",3680,1357,4626,1779,3606
"Business As Usual",3842,1114,4030,1716,3080
"Business As Usual",3351,1249,4127,1731,2828
"Business As Usual",4003,1403,4426,1343,3070
"Business As Usual",3057,915,3870,1941,3323
"Business As Usual",3782,961,4089,2845,2994
"Business As Usual",3719,277,4146,2099,2901
"Business As Usual",3821,265,4228,1974,1674
"Business As Usual",2621,617,4101,1738,2394
"Business As Usual",3344,1570,4139,1615,2359
"Business As Usual",3762,908,4992,1946,2489
"Business As Usual",3754,1153,4355,1842,3435
"Business As Usual",3571,1163,4961,1816,2840
"Business As Usual",3429,742,4432,1924,1813
"Business As Usual",3859,1599,4112,1648,2758
"Business As Usual",3590,1127,4125,1684,3451
"Business As Usual",3392,1038,3833,1964,2302
"Business As Usual",3711,1373,4055,1962,2631
"Business As Usual",3977,1456,4135,1107,2801
"Business As Usual",3608,1002,3963,2007,1890
"Business As Usual",3578,1356,4268,1744,2754
"Business As Usual",3574,1031,3707,1697,2415
"Business As Usual",3875,933,4026,926,2522
"Business As Usual",3388,727,4026,1631,2615
"Business As Usual",3937,1422,3851,2028,2757
"Business As Usual",3376,2054,4036,1799,2464
"Business As Usual",3567,1679,3802,2081,2449
"Business As Usual",3713,1055,4141,2531,2566
"Business As Usual",3927,1504,4444,1876,2211
"Business As Usual",4276,422,3818,1202,2357
"Business As Usual",3835,1048,3642,2374,2841
"Business As Usual",2706,2037,4121,1970,3155
"Business As Usual",3426,1386,4299,1901,2384
"Business As Usual",3325,1404,4651,1592,2647
"Business As Usual",4042,2096,4186,2870,2885
"Business As Usual",4011,888,4492,1935,3335
"Business As Usual",3534,1904,3634,1816,2949
"Business As Usual",4693,667,4618,1330,2802
"Business As Usual",3656,1026,4381,1616,2882
"Business As Usual",3774,359,4101,2598,2779
"Business As Usual",4270,265,4333,1718,2395
"Business As Usual",4150,1261,4210,2319,2893
"Business As Usual",3847,1449,4480,2147,3095
"Business As Usual",3753,1599,4261,2061,2662
"Business As Usual",3696,1468,4150,1684,2655
"Business As Usual",3668,812,3176,1741,2792
"Business As Usual",2653,1290,3812,2354,2749
"Business As Usual",4406,1087,4216,2676,2810
"Business As Usual",3612,1125,4297,1959,2476
"Business As Usual",4154,712,4891,2494,3148
"Business As Usual",3862,1078,4006,2845,2843
"Business As Usual",4923,1093,3944,1488,3785
"Business As Usual",4215,947,4146,2003,2807
"Business As Usual",3719,1191,4187,1646,2537
"Business As Usual",3491,1150,4522,1961,2450
"Business As Usual",3653,848,4132,1818,2253
"Business As Usual",4347,930,4102,1937,2520
"Business As Usual",4007,1290,3677,1753,3054
"Business As Usual",3601,1114,4367,1880,2778
"Business As Usual",3713,1323,4033,1368,2693
"Business As Usual",4241,1386,4305,1711,2374
"Business As Usual",3327,957,3310,2489,2808
"Business As Usual",2940,1074,4141,1748,2515
"Business As Usual",3231,1632,4433,1628,2553
"Business As Usual",4063,1513,4524,1826,2697
"Business As Usual",2941,1255,3845,949,2378
"Business As Usual",3964,659,4386,1339,2133
"Business As Usual",4515,1174,3959,1759,3292
"Business As Usual",3677,1554,4753,1887,3667
"Business As Usual",3440,680,3935,1788,1939
"Business As Usual",3671,938,4317,1963,2181
"Business As Usual",3368,1034,3135,1514,3101
"Business As Usual",4268,1419,5068,2084,3102
"Business As Usual",3114,1074,3853,1788,2496
"Business As Usual",3827,1028,4444,2081,2620
"Business As Usual",3361,822,3903,1699,2648
"Business As Usual",4051,1129,5337,1584,2675
"Business As Usual",2981,1023,4008,2412,2944
"Business As Usual",4050,972,4591,1492,2666
"Business As Usual",3613,1206,3613,1647,2599
"Business As Usual",3546,978,3365,1946,2634
"Business As Usual",3525,1209,3211,877,2422
"Business As Usual",3528,1296,3974,1741,2617
"Business As Usual",3868,1304,3333,1320,2478
"Business As Usual",3738,1577,4511,1979,2886
"Business As Usual",3734,908,4988,1854,1988
"Business As Usual",3805,1361,4181,1529,2221
"Business As Usual",3551,1242,4224,2007,2352
"Business As Usual",3804,2199,4248,966,2490
"Business As Usual",3540,2155,4122,1729,2518
"Business As Usual",3409,1900,4443,2218,2372
"Business As Usual",3542,1061,3916,1619,2370
"Business As Usual",4369,1827,3495,1884,3281
"Business As Usual",4404,1235,4011,2395,2770
"Business As Usual",3476,1126,3984,1616,2354
"Business As Usual",4189,1175,4416,2054,2787
"Business As Usual",3927,1393,4167,1780,2964
"Business As Usual",2688,1464,3976,2386,2428
"Business As Usual",3807,1000,3498,1820,2660
"Business As Usual",4467,916,4297,1975,1675
"Business As Usual",4737,1328,4312,2132,2913
"Business As Usual",3503,1071,4368,1680,2682
"Business As Usual",4082,1513,4984,1461,2710
"Business As Usual",3814,1375,3727,1702,2305
"Business As Usual",4091,1472,3683,2209,3469
"Business As Usual",4359,1013,4145,1936,3261
"Business As Usual",3992,1382,3963,1136,2621
"Business As Usual",3437,1414,4921,1705,3315
"Business As Usual",3877,1350,4138,2004,3241
"Business As Usual",3940,1565,4423,2026,3021
"Business As Usual",3814,916,3880,1676,2766
"Business As Usual",4445,1305,4035,2259,2516
"Business As Usual",4165,1559,4511,2249,2891
"Business As Usual",3344,1003,3934,1841,2818
"Business As Usual",3834,1781,5122,1862,2527
"Business As Usual",3442,1289,3981,1695,3204
"Business As Usual",3509,1461,4096,2741,2525
"Business As Usual",3069,1152,4607,2179,2938
"Business As Usual",3958,1162,4092,1807,2713
"Business As Usual",3866,1924,4114,1895,2005
"Business As Usual",3675,1116,4381,1964,2605
"Business As Usual",3391,1386,3976,1012,2561
"Business As Usual",4030,1567,4490,2644,2998
"Business As Usual",4009,2214,4500,1755,2447
"Business As Usual",3887,1565,3568,1993,2862
"Business As Usual",2944,1113,3727,2560,3282
"Business As Usual",3128,1461,3853,1757,2092
"Business As Usual",4304,1394,3918,970,2511
"Business As Usual",4516,1407,4228,1581,2816
"Business As Usual",3240,1327,3321,1633,2902
"Business As Usual",3676,1975,3973,2061,2369
"Business As Usual",3174,980,3779,2147,2315
"Business As Usual",3767,1393,4387,2050,3257
"Business As Usual",3603,1272,4793,1920,2691
"Business As Usual",3781,1720,4011,1694,1971
"Business As Usual",3889,1384,4318,1082,2616
"Business As Usual",3729,2168,4388,1911,2758
"Business As Usual",3415,1504,4320,1723,2673
"Business As Usual",4161,1067,4821,2559,2512
"Business As Usual",3772,1303,4102,2330,2734
"Business As Usual",3737,1570,5317,1808,2595
"Business As Usual",4345,1265,4667,2258,2903
"Business As Usual",4110,1438,4401,2066,2704
"Business As Usual",3762,664,4889,1602,2321
"Business As Usual",3681,1997,3936,2233,2487
"Business As Usual",4006,1942,4816,2546,2806
"Business As Usual",3178,657,4057,1907,2431
"Business As Usual",3425,1177,4574,2707,2392
"Business As Usual",3830,620,3902,1907,2451
"Business As Usual",2833,784,4497,936,2830
"Business As Usual",3493,1360,4155,1894,2989
"Business As Usual",3294,1437,4270,1918,2377
"Business As Usual",3567,1089,4457,904,2564
"Business As Usual",3856,390,3585,1755,1804
"Business As Usual",4073,1387,4270,1977,3686
"Business As Usual",3757,1477,4535,1842,2923
"Business As Usual",3347,919,5151,1847,3404
"Business As Usual",3753,974,3354,1845,2670
"Business As Usual",3793,658,4475,2031,2908
"Business As Usual",3555,1092,4425,1724,2490
"Business As Usual",4054,1248,4263,2036,2701
"Business As Usual",4093,1108,4161,1824,2785
"Business As Usual",4140,1473,4277,1776,2486
"Business As Usual",3551,1551,4162,1667,2706
"Business As Usual",3213,1305,4102,1794,2237
"Business As Usual",3897,1227,4254,1949,2042
"Business As Usual",3909,1197,4397,1427,2628
"Business As Usual",3342,732,3883,1436,2488
"Business As Usual",3525,1261,3046,1896,3199
"Business As Usual",3878,2014,3672,2008,2382
"Business As Usual",3907,2213,5384,1889,2959
"Business As Usual",3685,1309,4044,1734,3082
"Business As Usual",3819,928,3589,2030,2386
"Business As Usual",4340,1047,5204,1582,2567
"Business As Usual",3646,1022,4491,2518,2430
"Business As Usual",4773,1143,4408,1889,2818
"Business As Usual",3872,775,3885,1303,2710
"Business As Usual",2589,1254,3216,1535,3276
"Business As Usual",3701,1375,4285,1943,2423
"Business As Usual",3870,737,4398,1249,2401
"Business As Usual",3791,938,3428,1868,3311
"Business As Usual",3656,1012,5043,1661,2559
"Business As Usual",4270,472,4429,2060,2807
"Business As Usual",3659,648,3964,1408,2174
"Business As Usual",3765,667,4868,2430,3072
"Business As Usual",3958,475,4256,2969,2674
"Business As Usual",4119,971,4816,2254,3873
"Business As Usual",3895,1348,4470,1599,3525
"Business As Usual",3517,1332,4388,1482,3084
"Business As Usual",2997,1248,4043,1671,2836
"Business As Usual",3605,1333,3524,1994,2661
"Business As Usual",4411,1327,3681,1037,2598
"Business As Usual",3781,1775,4138,2415,2833
"Business As Usual",4680,1132,4764,1793,2408
"Business As Usual",3405,1237,4540,1913,2690
"Business As Usual",3217,1162,4362,1961,2362
"Business As Usual",3857,2004,4344,1737,2422
"Business As Usual",3494,1388,4509,1783,1711
"Business As Usual",4065,1379,4496,1826,2846
"Business As Usual",3908,1089,4129,1998,2734
"Business As Usual",3655,2055,4272,2298,2654
"Business As Usual",4027,1038,4522,2072,1944
"Business As Usual",2958,1243,4451,1700,2877
"Business As Usual",3332,1410,4236,1253,3102
"Business As Usual",4061,1728,4446,2043,2864
"Business As Usual",4116,1125,4627,2334,2646
"Business As Usual",3183,1333,4118,1924,1642
"Business As Usual",3202,958,4195,1442,2840
"Business As Usual",3805,1094,4411,2010,2368
"Business As Usual",3656,1578,4286,1819,2052
"Business As Usual",3267,2082,4367,1923,2612
"Business As Usual",3549,1066,4971,1979,2432
"Business As Usual",4300,1336,4424,1916,2731
"Business As Usual",3893,1144,4323,2081,2853
"Business As Usual",4454,1416,4264,2534,3344
"Business As Usual",4060,2110,4450,1773,2794
"Business As Usual",3334,1456,4153,1572,2412
"Business As Usual",2834,1193,4002,1761,2445
"Business As Usual",3931,1875,3911,1624,2466
"Business As Usual",3560,1166,3983,1766,3001
"Business As Usual",3502,1219,3951,980,2667
"Business As Usual",3525,1311,4679,2769,2727
"Business As Usual",4092,484,4345,1849,3129
"Business As Usual",3644,1771,4216,993,2885
"Business As Usual",3854,1043,3361,2022,2797
"Business As Usual",3672,1314,4092,1360,2187
"Business As Usual",3359,1013,3840,1967,2050
"Business As Usual",4378,1365,5073,1870,2686
"Business As Usual",3645,1378,5127,2046,2429
"Business As Usual",4189,1032,3813,2463,2366
"Business As Usual",3733,1803,4799,1982,2805
"Business As Usual",4139,1138,4296,1784,3041
"Business As Usual",3861,2058,3430,1748,2602
"Business As Usual",3477,1541,3965,2045,2823
"Business As Usual",2678,438,4514,1587,2201
"Business As Usual",4611,908,4904,1837,2716
"Business As Usual",3864,2103,4800,2368,2529
"Business As Usual",3463,830,3635,1590,2673
"Business As Usual",3720,1143,4374,1914,2827
"Business As Usual",3349,1036,4076,1838,2736
"Business As Usual",4015,1473,3923,2107,2528
"Business As Usual",4756,2110,4575,1872,2895
"Business As Usual",4950,1328,4238,2028,3251
"Business As Usual",4639,2261,4729,2996,2941
"Business As Usual",3321,1127,4316,1952,3659
"Business As Usual",3391,890,3433,960,2468
"Business As Usual",3708,1304,4215,1925,2005
"Business As Usual",3780,749,3176,1690,2222
"Business As Usual",3457,1070,4042,1890,2878
"Business As Usual",3517,1231,4037,1860,2297
"Business As Usual",4537,1183,4054,2129,2985
"Business As Usual",3286,861,4226,920,2354
"Business As Usual",3809,1016,5191,1728,2658
"Business As Usual",3220,350,3298,1942,2529
"Business As Usual",3552,976,4606,1591,2896
"Business As Usual",3383,342,3836,1646,1579
"Business As Usual",3937,692,5092,1996,2969
"Business As Usual",3875,776,4309,1858,2910
"Business As Usual",4335,1215,3874,2034,2549
"Business As Usual",3577,1703,3082,1793,2621
"Business As Usual",4220,803,4560,1803,2610
"Business As Usual",4390,1209,3913,1927,2538
"Business As Usual",3819,1545,4001,1509,2870
"Business As Usual",3612,864,4060,1908,3444
"Business As Usual",3642,941,4026,1600,2331
"Business As Usual",2879,1285,3990,2394,2852
"Business As Usual",3350,1888,3976,1662,2482
"Business As Usual",3769,1473,5013,1908,2613
"Business As Usual",3984,1305,4478,1558,2618
"Business As Usual",3615,1376,3762,1818,2520
"Business As Usual",3917,1394,4418,2028,2813
"Business As Usual",2924,1268,4531,2200,2578
"Business As Usual",3635,1670,3571,2166,2177
"Business As Usual",3988,1520,3665,1881,2712
"Business As Usual",3403,2012,3676,1016,1727
"Business As Usual",3582,349,3111,2007,2483
"Business As Usual",3511,254,4276,1918,2378
"Business As Usual",3341,1124,3717,1963,3011
"Business As Usual",3392,1049,3552,1754,2387
"Business As Usual",3156,1086,4344,1758,2800
"Business As Usual",3308,1163,3412,1985,2537
"Business As Usual",3394,1302,3989,1998,2429
"Business As Usual",3783,1098,4427,1733,2640
"Business As Usual",4300,1588,4352,1637,2523
"Business As Usual",2683,1205,4356,2381,2422
"Business As Usual",3912,935,4470,999,1841
"Business As Usual",4960,1492,4306,1963,2181
"Business As Usual",3316,1236,3489,2024,2495
"Business As Usual",3467,1631,3250,1929,2546
"Business As Usual",3467,1426,3975,2677,2213
"Business As Usual",4231,1552,3990,1834,2546
"Business As Usual",4251,1266,4327,1989,2784
"Business As Usual",3857,1287,4681,2399,2286
"Business As Usual",2691,1302,4087,2114,2523
"Business As Usual",3693,1865,4044,1858,3017
"Business As Usual",3225,1797,4653,1771,2347
"Business As Usual",3978,1915,4466,2096,2918
"Business As Usual",4995,2327,4737,1843,2696
"Business As Usual",3852,1053,4455,2042,2526
"Business As Usual",3892,1094,4286,1610,2532
"Business As Usual",3552,1032,3935,1902,2272
"Business As Usual",3474,933,4197,1614,3015
"Business As Usual",3932,904,3947,1950,2573
"Business As Usual",4552,1399,3725,1717,2745
"Business As Usual",3257,969,3859,1524,3120
"Business As Usual",2611,1263,3539,1651,1953
"Business As Usual",4284,2044,4156,1541,2589
"Business As Usual",3895,1140,4292,2988,3274
"Business As Usual",3778,1062,5081,1660,2418
"Business As Usual",3828,1226,4445,1786,2126
"Business As Usual",4335,1162,4856,2340,2216
"Business As Usual",4528,1116,4163,1963,2753
"Business As Usual",3753,1138,4639,1713,3305
"Business As Usual",3778,1301,4303,1949,2710
"Business As Usual",4333,1387,4241,1820,2590
"Business As Usual",3277,1336,4072,1268,2574
"Business As Usual",3816,1339,4437,1973,2357
"Business As Usual",3609,1592,4433,1687,3010
"Business As Usual",4248,1266,4882,1988,2462
"Business As Usual",4143,1140,4213,1946,2249
"Business As Usual",3683,1654,4027,2600,2498
"Business As Usual",3312,1137,3843,1580,1541
"Business As Usual",4563,1055,4084,1795,2565
"Business As Usual",3265,973,3878,1583,1687
"Business As Usual",3390,1495,3811,1616,1944
"Business As Usual",3506,1308,3864,1855,2388
"Business As Usual",3743,1343,3636,2452,2766
"Business As Usual",3550,2167,4325,1291,2767
"Business As Usual",2806,1426,4009,1975,2292
"Business As Usual",3564,1803,4162,2450,2533
"Business As Usual",3863,1503,4147,1761,2406
"Business As Usual",3507,991,4124,1610,1975
"Business As Usual",4293,1365,4090,1822,2339
"Business As Usual",3885,1471,4495,2054,2881
"Business As Usual",3888,780,3977,1900,2739
"Business As Usual",3268,1312,4400,1828,2898
"Business As Usual",3024,962,4162,1663,2407
"Business As Usual",3668,1259,4308,1567,2662
"Business As Usual",4014,1444,4310,2010,2671
"Business As Usual",3543,1072,4397,1763,2657
"Business As Usual",3732,1763,4109,1937,2689
"Business As Usual",3324,1360,3926,1920,2777
"Business As Usual",3905,1349,4375,2058,2638
"Business As Usual",3598,1402,3197,1873,2629
"Business As Usual",3570,1314,4079,1751,3490
"Business As Usual",3301,629,4240,900,2237
"Business As Usual",3519,1253,4246,998,2028
"Business As Usual",3389,1273,4297,2757,2705
"Business As Usual",3942,1431,5522,1698,2200
"Business As Usual",3326,1183,4208,2375,2747
"Business As Usual",3505,1567,3814,1700,2418
"Business As Usual",3859,945,4085,1919,2704
"Business As Usual",4285,1798,4486,2443,2749
"Business As Usual",4360,1245,4363,1778,2820
"Business As Usual",4061,1527,4258,1793,3459
"Business As Usual",2931,1365,3608,2008,2773
"Business As Usual",2930,1335,4398,1403,2640
"Business As Usual",3846,614,4128,1507,2888
"Business As Usual",3885,460,4459,1920,2870
"Business As Usual",3760,1095,4277,2054,2799
"Business As Usual",3568,1095,4389,1487,2510
"Business As Usual",3494,1763,4324,1974,2486
"Business As Usual",3570,1061,3564,1888,3162
"Business As Usual",3972,1146,4472,1789,2831
"Business As Usual",3652,2053,4288,1826,2747
"Business As Usual",4010,1147,4596,1983,3200
"Business As Usual",3492,1337,3754,2050,2724
"Business As Usual",3595,1103,3610,1409,1679
"Business As Usual",3743,1461,4515,2547,2446
"Business As Usual",3860,1368,4578,2079,3104
"Business As Usual",3719,1054,3859,1651,3022
"Business As Usual",3597,1077,4650,1751,3402
"Business As Usual",3951,1392,4518,1803,2848
"Business As Usual",3850,379,3991,1895,2865
"Business As Usual",4211,901,4021,1688,2695
"Business As Usual",2974,1040,3420,1632,2146
"Business As Usual",2852,1212,4955,2815,2048
"Business As Usual",3899,1952,4597,1403,2906
"Business As Usual",2569,1223,4622,1703,2566
"Business As Usual",3729,1416,3576,1844,3843
"Business As Usual",3509,1937,4256,1759,2286
"Business As Usual",4430,1257,4335,2083,2921
"Business As Usual",3550,1126,3856,1308,2235
"Business As Usual",3108,1575,4051,1623,2766
"Business As Usual",3789,1384,4577,1352,2933
"Business As Usual",4237,1273,4590,2250,3030
"Business As Usual",3935,1363,4127,1750,2805
"Business As Usual",3826,1969,4033,1949,2602
"Business As Usual",3187,1291,3898,1776,2730
"Business As Usual",3908,1550,3492,1784,2497
"Business As Usual",4044,353,4294,1928,2780
"Business As Usual",3762,1282,5208,1426,2569
"Business As Usual",3649,1116,4568,1779,3256
"Business As Usual",4289,2017,4611,1763,3175
"Business As Usual",3870,1410,4193,1811,3080
"Business As Usual",4388,1094,4061,2122,2671
"Business As Usual",3346,861,4275,1755,2335
"Business As Usual",3921,2034,4241,1720,2731
"Business As Usual",3505,1226,3623,1688,1625
"Business As Usual",3614,615,4142,1780,2421
"Business As Usual",3669,1263,4304,1942,2385
"Business As Usual",2885,625,3998,1968,2808
"Business As Usual",4389,1294,4743,2977,2715
"Business As Usual",3683,1279,4153,2682,2217
"Business As Usual",3593,1097,3965,1770,2487
"Business As Usual",3751,2089,4387,1999,3003
"Business As Usual",3318,335,4206,1590,2395
"Business As Usual",3379,1051,4090,2479,2345
"Business As Usual",3815,1174,4496,2003,2921
"Business As Usual",3593,1097,4957,1749,2330
"Business As Usual",3096,1428,4370,2074,2512
"Business As Usual",4539,1962,5202,1875,2713
"Business As Usual",3684,1083,4675,1573,3106
"Business As Usual",3614,1939,4238,1911,2587
"Business As Usual",3500,342,3814,1870,2652
"Business As Usual",4091,1027,3778,1594,2326
"Business As Usual",3603,1354,4695,1598,2963
"Business As Usual",3713,2051,4130,1742,2349
"Business As Usual",2971,1556,4629,1088,2939
"Business As Usual",3748,666,4251,2543,2990
"Business As Usual",3506,1406,4434,1762,2919
"Business As Usual",3244,1268,4164,2276,2336
"Business As Usual",2572,1172,3022,1734,2324
"Business As Usual",3999,1192,3457,2142,2648
"Business As Usual",3970,1021,4156,1691,2013
"Business As Usual",3717,909,4223,2027,2800
"Business As Usual",4094,1404,3849,2111,2676
"Business As Usual",3459,1324,3583,1284,2390
"Business As Usual",3653,784,4310,1759,2547
"Business As Usual",4337,1351,5114,2012,3256
"Business As Usual",3508,898,4116,1970,3324
"Business As Usual",4333,1562,3470,2037,3730
"Business As Usual",3387,1294,4198,2582,2533
"Business As Usual",3984,2173,4198,2551,3653
"Business As Usual",3243,1188,4076,1770,3041
"Business As Usual",3455,860,4104,1694,2531
"Business As Usual",4504,1090,3686,1082,2875
"Business As Usual",4385,1286,3418,1674,2460
"Business As Usual",3629,1019,4110,1734,3066
"Business As Usual",3653,623,3467,1907,2637
"Business As Usual",4270,1073,3907,2212,2296
"Business As Usual",3583,1024,3718,1802,2473
"Business As Usual",4602,1349,5097,1768,2557
"Business As Usual",3339,1109,3951,2197,2208
"Business As Usual",3436,1090,4898,1954,2961
"Business As Usual",3623,1117,4395,2250,2495
"Business As Usual",3597,1361,4145,1323,3366
"Business As Usual",4550,1466,3797,1750,2212
"Business As Usual",3865,1375,4231,1802,2372
"Business As Usual",3846,1332,5040,2005,2859
"Business As Usual",3758,443,4218,1536,2686
"Business As Usual",3203,1837,4373,1715,3279
"Business As Usual",4174,1444,4491,2097,3404
"Business As Usual",4334,1376,4349,1739,2706
"Business As Usual",3440,1441,4310,2121,3081
"Business As Usual",3871,1408,4338,1456,2614
"Business As Usual",3122,1454,4327,1734,2598
"Business As Usual",3892,1087,4171,1306,2574
"Business As Usual",3848,1452,4369,1103,2363
"Business As Usual",3865,1369,4535,2312,2581
"Business As Usual",3833,1604,4354,2145,3298
"Business As Usual",3525,1129,3868,2002,2435
"Business As Usual",3959,1290,4312,1964,2586
"Business As Usual",3681,1278,4915,1806,2814
"Business As Usual",3667,1054,3378,1266,2825
"Business As Usual",4524,2153,4517,1895,2043
"Business As Usual",3228,869,3934,1696,2336
"Business As Usual",3400,1445,4650,2649,2718
"Business As Usual",3573,1304,3931,1371,3393
"Business As Usual",3994,282,5365,2002,3707
"Business As Usual",3876,1168,4680,1097,2610
"Business As Usual",3851,679,4364,1935,2912
"Business As Usual",3536,1314,4257,1940,2693
"Business As Usual",3891,446,4099,1994,2511
"Business As Usual",4655,1860,4118,1645,2716
"Business As Usual",3781,1259,4310,1739,2664
"Business As Usual",3997,1199,5348,1966,3208
"Business As Usual",3518,1183,4532,1837,2792
"Business As Usual",4761,1050,4335,2034,2792
"Business As Usual",3854,748,4254,1918,2717
"Business As Usual",3601,1159,3960,1792,2586
"Business As Usual",2629,1017,3867,1505,3132
"Business As Usual",3388,345,4072,1915,3407
"Business As Usual",3984,1242,3867,1831,1562
"Business As Usual",3728,1855,4241,2090,3202
"Business As Usual",3424,1290,4872,1547,3395
"Business As Usual",3970,1303,4225,1463,3026
"Business As Usual",3327,1261,4013,1198,3147
"Business As Usual",3357,614,4174,1573,2807
"Business As Usual",2780,1333,5091,2026,2703
"Business As Usual",3509,745,3647,1912,2125
"Business As Usual",3559,1179,4007,1729,1653
"Business As Usual",3625,1010,4202,1825,2275
"Business As Usual",3481,947,4171,1918,2375
"Business As Usual",3441,731,3576,1922,2695
"Business As Usual",4058,1040,4196,1068,2289
"Business As Usual",3421,1225,3672,1824,2226
"Business As Usual",3471,1142,4201,1070,2706
"Business As Usual",4154,271,4853,1756,2676
"Business As Usual",3541,1451,4194,1161,2637
"Business As Usual",4300,250,3775,2562,2196
"Business As Usual",3664,1169,4165,2044,2715
"Business As Usual",3563,1099,4751,2051,2653
"Business As Usual",3079,1438,3535,1976,2484
"Business As Usual",3704,752,3836,1725,3168
"Business As Usual",3425,1130,4328,1976,2870
"Business As Usual",3493,1356,4369,1619,3010
"Business As Usual",2896,1464,4100,2264,2527
"Business As Usual",2989,844,3806,1843,2142
"Business As Usual",3463,1219,4022,1592,1990
"Business As Usual",2826,1136,3916,1232,2750
"Business As Usual",3685,1134,4157,2383,2799
"Business As Usual",3586,1359,3951,1879,2045
"Business As Usual",3780,1285,3810,1807,2796
"Business As Usual",3764,1212,4276,2698,3574
"Business As Usual",3537,1434,4172,1760,2846
"Business As Usual",4242,1214,3609,1906,2289
"Business As Usual",4496,980,3900,1696,2411
"Business As Usual",4171,963,3994,2261,2427
"Business As Usual",2767,352,3952,1696,2405
"Business As Usual",3408,1062,3318,2219,2476
"Business As Usual",3485,459,4213,2000,2553
"Business As Usual",3723,1734,4498,2170,2123
"Business As Usual",3870,1285,4110,1695,1742
"Business As Usual",3811,1113,3878,1404,2400
"Business As Usual",3906,1809,4404,1619,3093
"Business As Usual",2994,1358,4122,2133,2914
"Business As Usual",2747,1083,4029,1905,2823
"Business As Usual",3681,2242,4374,1324,3007
"Business As Usual",3891,1747,4756,2838,2753
"Business As Usual",3685,1478,4176,2129,2536
"Business As Usual",3724,631,4229,1697,2674
"Business As Usual",3672,994,4376,2611,2390
"Business As Usual",4515,1410,4559,1840,2897
"Business As Usual",3962,1094,4383,2270,2583
"Business As Usual",3857,1561,4645,1818,2218
"Business As Usual",3943,1464,4640,2479,2510
"Business As Usual",3869,1028,4745,2323,2427
"Business As Usual",3612,1012,4782,1499,2226
"Business As Usual",3834,358,4147,2409,3041
"Business As Usual",3210,1287,3927,1645,2704
"Business As Usual",3119,1021,3630,1673,3281
"Business As Usual",3871,1357,4396,2754,3530
"Business As Usual",3039,1291,5082,2604,2651
"Business As Usual",3777,1106,3451,2183,2067
"Business As Usual",4031,1060,4170,1722,3164
"Business As Usual",3850,1078,4693,1889,2801
"Business As Usual",3609,1349,3955,1935,2778
"Business As Usual",4003,1302,3966,1330,2580
"Business As Usual",3879,1130,5407,2067,2667
"Business As Usual",3399,1144,4314,986,2424
"Business As Usual",3862,351,4090,976,2820
"Business As Usual",3168,927,4515,2027,2799
"Business As Usual",4141,1097,4620,1967,2719
"Business As Usual",3555,1549,4856,1939,2831
"Business As Usual",3398,875,3856,1666,2596
"Business As Usual",3818,1512,4752,1786,2594
"Business As Usual",4060,1050,4304,2036,2519
"Business As Usual",3495,1003,4179,883,2439
"Business As Usual",4001,1105,4963,1891,2850
"Business As Usual",3461,408,3877,1558,2486
"Business As Usual",4062,1847,4321,2043,2571
"Business As Usual",2822,1060,3415,2217,1819
"Business As Usual",3667,1002,3800,1566,2346
"Business As Usual",3640,1481,3631,2186,2825
"Business As Usual",3697,449,4050,1625,1855
"Business As Usual",3808,1884,5015,1865,2673
"Business As Usual",3828,1189,4042,1801,2388
"Business As Usual",4050,2313,3844,3001,2195
"Business As Usual",3969,2004,4126,2251,2552
"Business As Usual",3479,1166,3798,1625,2400
"Business As Usual",3702,995,4119,2530,2641
"Business As Usual",3301,1291,4518,1982,2065
"Business As Usual",3953,669,4015,1805,1732
"Business As Usual",3737,1260,4140,1900,1705
"Business As Usual",3973,1530,4452,2106,2174
"Business As Usual",3607,1519,4234,1733,2510
"Business As Usual",3331,960,4080,2559,2380
"Business As Usual",4107,696,4699,2126,2950
"Business As Usual",3852,688,4204,2844,2215
"Business As Usual",3451,1718,3809,1502,2533
"Business As Usual",4059,682,4514,958,2746
"Business As Usual",3525,1330,4826,2007,2296
"Business As Usual",4240,1566,4323,1806,3050
"Business As Usual",3723,1305,4116,1906,2680
"Business As Usual",3626,907,4102,1659,2484
"Business As Usual",3438,1465,4152,1909,2648
"Business As Usual",3507,253,4819,1236,2603
"Business As Usual",3739,1283,4238,1926,2748
"Business As Usual",3543,1073,4580,1641,2522
"Business As Usual",4578,1092,4323,1440,2815
"Business As Usual",3690,1421,4165,1723,2820
"Business As Usual",4159,1438,4274,1731,2877
"Business As Usual",3506,1248,4811,1776,3515
"Business As Usual",3187,1048,3450,1552,2839
"Business As Usual",3599,1092,3605,1971,2572
"Business As Usual",3810,1504,3898,2052,2412
"Business As Usual",3925,1369,4447,2892,2582
"Business As Usual",2630,1011,3732,1762,2470
"Business As Usual",3452,1054,4940,1784,3442
"Business As Usual",3552,1502,3780,1983,2582
"Business As Usual",4368,1228,4546,1806,2601
"Business As Usual",3525,1148,4017,2047,2221
"Business As Usual",4125,1450,4381,1695,2623
"Business As Usual",3653,903,4398,1613,2027
"Business As Usual",3928,1203,4411,2043,2801
"Business As Usual",3826,1065,4012,1734,2467
"Business As Usual",4203,1313,3811,2053,3148
"Business As Usual",4296,1952,4053,2560,3282
"Business As Usual",3879,1501,5135,2533,2831
"Business As Usual",3893,1194,3794,2567,3011
"Business As Usual",3763,1396,4580,2549,2441
"Business As Usual",4586,1106,4303,1721,2884
"Business As Usual",2962,768,4806,1980,2644
"Business As Usual",3408,1205,4128,1949,3655
"Business As Usual",4779,1438,5172,1815,2746
"Business As Usual",4100,1604,4452,2137,2233
"Business As Usual",3554,909,3504,1245,2665
"Business As Usual",3875,924,4676,1839,2880
"Business As Usual",3409,1126,4225,2055,2566
"Business As Usual",3770,477,4480,2092,2890
"Business As Usual",3330,1467,4242,1528,3139
"Business As Usual",2843,1365,4128,1972,2479
"Business As Usual",3964,1169,4734,2360,1879
"Business As Usual",3993,2268,5269,2942,2786
"Business As Usual",3848,359,4324,1957,2607
"Business As Usual",3256,1284,4539,1884,2970
"Business As Usual",3699,464,3937,1771,2332
"Business As Usual",3617,1376,3803,1788,2632
"Business As Usual",3919,1333,4283,1835,2623
"Business As Usual",3692,1136,4630,1804,2956
"Business As Usual",3675,1169,3744,1671,2502
"Business As Usual",3773,1183,4643,1862,2888
"Business As Usual",3859,1350,4366,1517,3530
"Business As Usual",3142,979,3825,1005,2517
"Business As Usual",3389,1007,4164,1892,2579
"Business As Usual",3632,1158,4112,1683,2622
"Business As Usual",3576,1073,4096,2175,2789
"Business As Usual",4193,1105,4314,1303,2835
"Business As Usual",4535,1298,4123,1589,2698
"Business As Usual",3868,1405,4625,1660,3114
"Business As Usual",3553,1343,4810,2182,2768
"Business As Usual",4515,1065,4003,2123,2490
"Business As Usual",3585,1101,4228,1981,2990
"Business As Usual",3569,1447,3248,1851,2755
"Business As Usual",3830,2077,3614,1861,2411
"Business As Usual",3911,1521,4016,1567,2544
"Business As Usual",3185,1285,4380,1944,1825
"Business As Usual",3410,1504,3842,1550,2408
"Business As Usual",3761,1340,3983,1687,2648
"Business As Usual",3678,1102,3313,1957,2818
"Business As Usual",2870,1162,4677,1948,2549
"Business As Usual",3849,2131,5286,1447,2607
"Business As Usual",3834,2080,4434,1984,2182
"Business As Usual",3913,1365,4192,1719,2810
"Business As Usual",3772,2142,4275,1858,2146
"Business As Usual",3702,1341,3949,1977,3166
"Business As Usual",3223,1029,4480,2717,2392
"Business As Usual",3522,1701,4047,1627,3035
"Business As Usual",3324,1239,3706,842,2416
"Business As Usual",4553,1048,4325,1495,2597
"Business As Usual",3794,1570,4448,2719,3320
"Business As Usual",3600,851,3232,1747,2607
"Business As Usual",3222,1009,3827,1768,2203
"Business As Usual",3865,643,5190,1996,2770
"Business As Usual",3764,1273,3519,2503,2609
"Business As Usual",4517,703,4506,1897,2965
"Business As Usual",3582,1265,4865,1762,2627
"Business As Usual",3291,358,3906,1694,2295
"Business As Usual",3973,1281,4742,2026,2810
"Business As Usual",3914,1296,4434,1324,2699
"Business As Usual",3565,1655,4371,1985,2488
"Business As Usual",3342,1082,4249,1533,2761
"Business As Usual",3839,1807,4187,1974,2184
"Business As Usual",4503,1276,4094,1941,2157
"Business As Usual",3431,894,3268,1224,2656
"Business As Usual",3287,1058,4151,2020,2891
"Business As Usual",3773,1183,3561,2402,2022
"Business As Usual",3819,1927,4357,2618,3305
"Business As Usual",3527,1353,4016,1767,3448
"Business As Usual",4003,1102,4299,1825,1861
"Business As Usual",2736,1089,4006,1310,3335
"Business As Usual",3815,1175,3659,2279,2357
"Business As Usual",3606,1137,5101,1741,2777
"Business As Usual",3633,1058,4077,1799,2759
"Business As Usual",3635,1144,4239,1874,2478
"Business As Usual",3995,1156,3930,1735,2720
"Business As Usual",3601,1408,3943,1866,2211
"Business As Usual",4119,1567,4443,1767,2525
"Business As Usual",4103,1259,4340,2896,2564
"Business As Usual",3636,1116,3149,1849,1677
"Business As Usual",3818,1182,5647,1994,2848
"Business As Usual",4275,1079,4304,2273,2895
"Business As Usual",3992,1031,4256,1996,2507
"Business As Usual",4408,1107,3956,1797,2379
"Business As Usual",3773,1276,4078,918,2883
"Business As Usual",3456,1492,4564,2398,3310
"Business As Usual",4004,2169,4766,2045,2772
"Business As Usual",4142,1391,4730,1062,1963
"Business As Usual",4040,1531,4186,2338,2549
"Business As Usual",3505,1064,4121,2022,1726
"Business As Usual",3481,825,3941,1659,1805
"Business As Usual",3908,2204,4348,1313,2366
"Business As Usual",3165,1160,4111,2667,2207
"Business As Usual",3919,1172,3529,1705,3177
"Business As Usual",3829,1749,4428,1930,2604
"Business As Usual",3645,366,3264,1996,2537
"Business As Usual",3567,1308,4375,1501,2417
"Business As Usual",4100,391,3682,1380,2707
"Business As Usual",3871,1086,4358,1580,2083
"Business As Usual",3604,1354,4186,1767,2555
"Business As Usual",4416,1651,4708,1981,3170
"Business As Usual",3862,2003,4347,1763,2805
"Business As Usual",3893,1285,5076,2004,2539
"Business As Usual",3691,1417,3976,1472,3033
"Business As Usual",3534,1313,4818,1927,3201
"Business As Usual",3424,1097,4258,1692,2473
"Business As Usual",3753,875,4136,1507,2513
"Business As Usual",3668,1069,4047,1636,2937
"Business As Usual",3735,1016,4069,2108,2725
"Business As Usual",3632,1002,4679,2000,2953
"Business As Usual",3121,1441,4287,1712,2653
"Business As Usual",3956,1829,4278,2485,1894
"Business As Usual",2956,1314,4248,1869,2946
"Business As Usual",2911,1486,4268,1617,2040
"Business As Usual",3578,1719,4297,1624,1914
"Business As Usual",3630,1013,4150,2362,3272
"Business As Usual",3879,887,4262,1782,2758
"Business As Usual",3719,671,4461,2221,1837
"Business As Usual",3638,1350,3653,2664,2950
"Business As Usual",2762,990,4315,1832,3495
"Business As Usual",2816,371,4332,2500,2593
"Business As Usual",4559,1421,4458,1835,2854
"Business As Usual",3171,233,3421,887,2415
"Business As Usual",4022,1767,4461,2203,3587
"Business As Usual",3966,1037,4497,1938,2552
"Business As Usual",3961,1930,4211,1847,2913
"Business As Usual",3815,1317,4168,1985,2762
"Business As Usual",3581,1065,4752,1007,2172
"Business As Usual",4156,2104,4013,1918,1997
"Business As Usual",3163,947,4094,2001,1885
"Business As Usual",3450,609,3738,1347,2247
"Business As Usual",3606,1283,4653,1642,2866
"Business As Usual",3705,879,4370,2027,2819
"Business As Usual",3645,1433,4288,2689,3283
"Business As Usual",3860,1044,4084,1998,2808
"Business As Usual",3877,1220,3903,2400,3156
"Business As Usual",4048,1311,4755,2096,1777
"Business As Usual",2993,1381,3686,1180,1544
"Business As Usual",3625,1191,4212,1066,2705
"Business As Usual",4508,1063,4367,1835,2417
"Business As Usual",4211,1469,4284,2219,2741
"Business As Usual",3718,1141,4064,1689,1620
"Business As Usual",3781,1325,3775,2057,2872
"Business As Usual",3910,621,4081,1251,2467
"Business As Usual",3005,1517,4924,1674,2655
"Business As Usual",4562,1209,4584,2036,2780
"Business As Usual",3743,370,4118,1863,2787
"Business As Usual",3133,1147,4573,2224,1892
"Business As Usual",3894,1407,3863,2653,2210
"Business As Usual",3298,1825,3787,1795,2821
"Business As Usual",3641,1016,3770,1562,2621
"Business As Usual",3453,1191,4613,1845,2660
"Business As Usual",3544,1103,3998,2686,2618
"Business As Usual",4149,1090,4162,1907,2433
"Business As Usual",3262,1270,3745,1502,2487
"Business As Usual",3875,772,4245,1109,2085
"Business As Usual",4172,1332,5299,2063,3126
"Business As Usual",3814,906,4608,1681,2637
"Business As Usual",3512,1059,4247,1615,2706
"Business As Usual",3680,1322,3868,1911,2679
"Business As Usual",4019,651,4164,2010,3063
"Business As Usual",4779,960,5083,1793,3574
"Business As Usual",3774,629,3995,1266,2711
"Business As Usual",3502,1260,4020,1854,2987
"Business As Usual",4019,1446,4433,1775,2523
"Business As Usual",3736,1520,4820,1868,2548
"Business As Usual",3706,1243,4451,1315,2660
"Business As Usual",2931,1220,4359,1960,2054
"Business As Usual",3894,1333,4179,1577,2758
"Business As Usual",3378,1060,4232,2287,2707
"Business As Usual",4040,2099,4357,1849,2890
"Business As Usual",3093,1203,3647,2198,3236
"Business As Usual",3391,978,3818,1551,2538
"Business As Usual",3124,1072,4321,2804,2734
"Business As Usual",3818,1122,3389,1025,2694
"Business As Usual",3464,1220,3928,1974,1986
"Business As Usual",2905,1323,4281,996,1840
"Business As Usual",3888,1420,4512,2215,3096
"Business As Usual",3236,1474,4485,1206,2843
"Business As Usual",3547,1077,3767,1833,2857
"Business As Usual",3138,1426,3717,855,2567
"Business As Usual",3997,1226,4767,1745,3404
"Business As Usual",2771,1202,4105,1829,2830
"Business As Usual",3907,1285,4940,1844,2350
"Business As Usual",4890,1127,4161,2271,2780
"Business As Usual",3765,1007,3934,2042,2339
"Business As Usual",3756,997,4099,1963,2517
"Business As Usual",3824,1252,4446,1828,2620
"Business As Usual",2781,1690,4346,1918,2801
"Business As Usual",3834,2043,3907,1722,2472
"Business As Usual",3903,2217,4284,2687,3060
"Business As Usual",3808,914,4267,1403,2479
"Business As Usual",3296,1134,4395,862,2623
"Business As Usual",3971,1023,4165,2516,3497
"Business As Usual",2538,1036,3600,1181,2318
"Business As Usual",3376,1341,3902,1080,1836
"Business As Usual",2629,1718,3889,1773,2646
"Business As Usual",3638,1058,3911,1532,2503
"Business As Usual",3988,969,4943,1740,3105
"Business As Usual",3496,1307,4666,2274,2543
"Business As Usual",4531,385,5447,1068,3269
"Business As Usual",4451,1384,4198,2730,2827
"Business As Usual",3796,1302,4232,1724,2474
"Business As Usual",3505,1321,4181,1533,2327
"Business As Usual",3640,1420,4100,1839,2087
"Business As Usual",3614,721,3852,2487,2141
"Business As Usual",3026,1170,4199,2127,2402
"Business As Usual",3503,1262,3791,1745,2375
"Business As Usual",3391,911,4224,1932,2268
"Business As Usual",4004,1332,4640,1281,2928
"Business As Usual",2592,1575,4039,1759,3280
"Business As Usual",3873,1289,4790,1528,2319
"Business As Usual",3675,1242,4374,1751,1660
"Business As Usual",3659,1123,3076,1880,2403
"Business As Usual",3730,666,3580,2048,3646
"Business As Usual",3402,1368,3865,1773,2352
"Business As Usual",3483,1295,4994,979,3120
"Business As Usual",3591,1285,3611,860,2311
"Business As Usual",2865,1412,4174,2091,2557
"Business As Usual",4324,1929,4844,1887,3080
"Business As Usual",3571,1194,3806,1970,1855
"Business As Usual",5015,1085,5544,2988,3018
"Business As Usual",3407,1283,4216,1265,2798
"Business As Usual",3482,1791,4053,2010,2598
"Business As Usual",3504,1341,4799,1649,2073
"Business As Usual",4091,1153,4282,2194,2727
"Business As Usual",3494,1269,4077,1488,3411
"Business As Usual",2979,1090,4100,1851,3531
"Business As Usual",3709,1281,3925,1920,2415
"Business As Usual",3949,1602,5228,1837,2924
"Business As Usual",2730,1170,3569,2025,2429
"Business As Usual",3506,1185,4763,2659,2376
"Business As Usual",3327,1331,3339,2057,2688
"Business As Usual",3853,988,4285,1749,2625
"Business As Usual",3875,1261,4506,2188,1810
"Business As Usual",3735,1309,3599,1577,2738
"Business As Usual",3565,265,4209,2445,2637
"Business As Usual",4617,1349,4144,1905,2948
"Business As Usual",4583,1260,4056,2730,2745
"Business As Usual",3723,1265,3785,1838,2461
"Business As Usual",3363,1914,4468,2263,3272
"Business As Usual",3979,1134,4224,941,2600
"Business As Usual",4359,1957,4710,2033,2704
"Business As Usual",3421,606,3881,2022,2674
"Business As Usual",4499,1118,4222,1890,2803
"Business As Usual",3341,1336,4247,1727,3150
"Business As Usual",3805,1361,4277,2035,3377
"Business As Usual",3572,1064,4254,1806,2037
"Business As Usual",4061,457,4340,1661,2520
"Business As Usual",3822,464,4165,2208,2713
"Business As Usual",3027,464,4781,1038,3085
"Business As Usual",3404,896,4045,2696,2627
"Business As Usual",4759,1397,4976,1143,2894
"Business As Usual",2841,1276,4164,1941,2832
"Business As Usual",3672,1489,4289,1968,2721
"Business As Usual",3316,1443,4565,2076,3035
"Business As Usual",3627,1078,3734,1939,2550
"Business As Usual",4114,1348,4391,1850,2775
"Business As Usual",3041,1350,4345,2109,2765
"Business As Usual",3606,1052,3413,1969,2826
"Business As Usual",3131,1670,3899,1709,2325
"Stratified Societies",4419,1628,4345,1822,2874
"Stratified Societies",3178,1466,4074,1673,2796
"Stratified Societies",3113,1328,4051,1903,2052
"Stratified Societies",4102,389,4449,2017,2839
"Stratified Societies",4019,1539,4712,2159,2730
"Stratified Societies",4229,1384,4940,1785,2581
"Stratified Societies",3770,1124,4421,2022,2796
"Stratified Societies",3737,1444,4334,2221,2912
"Stratified Societies",3982,1502,4597,2133,3034
"Stratified Societies",4113,1411,3656,1869,2687
"Stratified Societies",3456,677,4697,1929,2745
"Stratified Societies",4178,1506,4156,1298,2923
"Stratified Societies",3437,1223,4348,1595,2673
"Stratified Societies",3606,1195,4011,1658,2290
"Stratified Societies",4065,1151,4487,1383,3053
"Stratified Societies",3825,690,4338,1377,2807
"Stratified Societies",3985,1296,3659,2145,2913
"Stratified Societies",3851,1686,4098,917,3019
"Stratified Societies",3540,1114,3885,2862,2826
"Stratified Societies",3343,681,4284,2232,2774
"Stratified Societies",3830,1037,4179,1725,2751
"Stratified Societies",3416,1373,4509,1481,2447
"Stratified Societies",3901,1105,3430,1746,2821
"Stratified Societies",3339,1076,3251,2035,2664
"Stratified Societies",4003,1362,4444,1998,2446
"Stratified Societies",4593,1132,3703,2067,2603
"Stratified Societies",4467,1774,5026,2045,1987
"Stratified Societies",3004,1077,4725,993,3503
"Stratified Societies",3831,910,3329,1675,2671
"Stratified Societies",4000,1365,4342,2012,2522
"Stratified Societies",3658,1145,5178,1676,2583
"Stratified Societies",3750,2185,4100,2160,2415
"Stratified Societies",3025,699,4594,2099,2776
"Stratified Societies",3825,274,4019,2515,2528
"Stratified Societies",3793,1310,3758,1973,3426
"Stratified Societies",3668,1123,3974,926,2096
"Stratified Societies",2695,1332,4217,1675,2460
"Stratified Societies",4441,491,4515,2188,2970
"Stratified Societies",3675,1226,4867,1121,2727
"Stratified Societies",3887,1350,4770,993,1830
"Stratified Societies",3802,1790,4317,1631,2653
"Stratified Societies",4150,1211,4265,1684,2841
"Stratified Societies",2798,1076,4386,1709,2857
"Stratified Societies",3154,1369,3927,1751,2638
"Stratified Societies",4168,1296,4170,1455,2445
"Stratified Societies",3910,1647,4049,2000,3179
"Stratified Societies",3894,1474,4561,2270,2872
"Stratified Societies",3656,1499,4041,2143,3082
"Stratified Societies",3703,651,3904,1749,2677
"Stratified Societies",3812,1410,4307,2210,2591
"Stratified Societies",3672,1364,4638,1759,2874
"Stratified Societies",3247,875,4082,1741,3415
"Stratified Societies",4135,1205,4648,2408,2599
"Stratified Societies",3528,1083,4409,1949,3154
"Stratified Societies",4260,1435,5072,2373,2880
"Stratified Societies",3209,1150,4402,1323,2837
"Stratified Societies",3641,1133,4918,1736,2340
"Stratified Societies",3766,806,3810,1651,2657
"Stratified Societies",3605,1244,5412,2012,2383
"Stratified Societies",4015,1430,4251,1358,2813
"Stratified Societies",4195,935,4709,2291,2834
"Stratified Societies",4248,1339,4399,1673,2808
"Stratified Societies",2625,1540,3985,1671,2403
"Stratified Societies",4145,659,4458,1696,2671
"Stratified Societies",4054,474,5412,1645,2383
"Stratified Societies",4354,1657,3785,2141,2992
"Stratified Societies",3672,1478,4030,1971,2172
"Stratified Societies",3708,1717,4417,2017,3295
"Stratified Societies",3960,1291,4538,1156,2872
"Stratified Societies",3909,1146,4361,1833,2923
"Stratified Societies",3963,1164,4543,1353,3586
"Stratified Societies",4967,387,4587,1740,2927
"Stratified Societies",3737,1361,5128,1982,2338
"Stratified Societies",3460,1176,3405,1996,2497
"Stratified Societies",4552,1290,4263,2602,2952
"Stratified Societies",3930,1210,3537,2083,1835
"Stratified Societies",2998,1291,4389,1805,2663
"Stratified Societies",3636,2270,4615,2183,2653
"Stratified Societies",3508,1052,4313,1951,2475
"Stratified Societies",3863,1178,4623,2073,3232
"Stratified Societies",3650,1475,3998,1719,2466
"Stratified Societies",3948,1182,4720,2080,2380
"Stratified Societies",4023,1232,4359,2936,2807
"Stratified Societies",3272,1182,3652,1560,3330
"Stratified Societies",4818,1415,4303,1847,2899
"Stratified Societies",3888,1764,5226,2015,3675
"Stratified Societies",3540,1297,4336,1687,2118
"Stratified Societies",4001,1083,4483,1354,2157
"Stratified Societies",3766,1070,3254,889,2455
"Stratified Societies",4202,1021,4899,1100,2922
"Stratified Societies",4712,985,4654,2082,3012
"Stratified Societies",3788,1116,4244,2038,2544
"Stratified Societies",3786,1050,5233,1929,2649
"Stratified Societies",3243,1279,4930,1770,2738
"Stratified Societies",3325,1549,3791,1837,2173
"Stratified Societies",3696,996,3966,1848,2335
"Stratified Societies",2743,1062,4027,1861,2655
"Stratified Societies",3837,1076,4396,1791,2856
"Stratified Societies",3902,269,4360,1022,2076
"Stratified Societies",3578,1231,4026,1855,2092
"Stratified Societies",3629,1536,4072,3000,2672
"Stratified Societies",3840,1081,4793,1967,2500
"Stratified Societies",4046,276,4650,1819,2855
"Stratified Societies",3655,776,4281,1792,3546
"Stratified Societies",4115,1131,4743,1995,3357
"Stratified Societies",3678,1106,3626,2018,2587
"Stratified Societies",4066,949,4430,1965,2740
"Stratified Societies",3615,1110,4357,1572,2598
"Stratified Societies",3360,952,4075,1687,3087
"Stratified Societies",4126,1475,4231,1712,2650
"Stratified Societies",4081,1298,4592,2026,2184
"Stratified Societies",2813,1389,4382,1865,2873
"Stratified Societies",4815,2243,4799,2809,3601
"Stratified Societies",3011,1477,4407,2137,2983
"Stratified Societies",3858,1461,4302,2102,2503
"Stratified Societies",4135,682,4337,1757,2941
"Stratified Societies",3351,1374,4915,2801,2748
"Stratified Societies",3540,1390,4288,2212,3269
"Stratified Societies",3946,1576,4368,1331,2887
"Stratified Societies",3616,1641,3537,1550,2798
"Stratified Societies",3795,1114,3885,1883,2884
"Stratified Societies",3957,1324,4772,2168,2713
"Stratified Societies",3601,956,3816,2140,2917
"Stratified Societies",3027,1285,4047,1057,1797
"Stratified Societies",2620,1712,3888,2315,2457
"Stratified Societies",4117,1179,4869,2043,2912
"Stratified Societies",3248,1739,4825,2169,2966
"Stratified Societies",3071,1423,4495,1351,2905
"Stratified Societies",3499,1291,4400,1692,3430
"Stratified Societies",3943,1143,4136,1762,3161
"Stratified Societies",3434,1280,4229,1773,2898
"Stratified Societies",3671,1287,4058,1231,2815
"Stratified Societies",3334,998,4222,2117,3624
"Stratified Societies",3705,941,4005,2787,2933
"Stratified Societies",3976,297,4433,2244,3102
"Stratified Societies",4121,285,4560,2129,1805
"Stratified Societies",2629,619,4115,1744,2402
"Stratified Societies",3643,1710,4509,1759,2570
"Stratified Societies",4001,966,5310,2069,2648
"Stratified Societies",3837,1179,4451,1883,3510
"Stratified Societies",3736,1217,5191,1900,2972
"Stratified Societies",3637,787,4702,2041,1923
"Stratified Societies",3801,1575,4051,1623,2717
"Stratified Societies",3961,1244,4552,1858,3808
"Stratified Societies",3927,1201,4438,2274,2665
"Stratified Societies",4004,1481,4376,2117,2839
"Stratified Societies",4224,1547,4393,1176,2976
"Stratified Societies",3634,1009,3991,2021,1903
"Stratified Societies",3636,1378,4337,1772,2799
"Stratified Societies",3898,1125,4043,1851,2633
"Stratified Societies",3747,903,3892,895,2438
"Stratified Societies",3716,797,4416,1789,2869
"Stratified Societies",3784,1367,3701,1949,2649
"Stratified Societies",3421,2082,4091,1823,2497
"Stratified Societies",4196,1975,4473,2448,2881
"Stratified Societies",3920,1114,4371,2672,2709
"Stratified Societies",3700,1417,4187,1768,2083
"Stratified Societies",4672,461,4171,1313,2575
"Stratified Societies",4277,1169,4062,2647,3169
"Stratified Societies",2852,2146,4343,2076,3325
"Stratified Societies",3404,1377,4271,1889,2368
"Stratified Societies",2986,1262,4177,1430,2377
"Stratified Societies",3967,2057,4108,2816,2831
"Stratified Societies",3843,851,4303,1854,3195
"Stratified Societies",4194,2259,4313,2155,3499
"Stratified Societies",4659,662,4584,1321,2781
"Stratified Societies",4145,1163,4967,1831,3267
"Stratified Societies",4225,401,4590,2908,3111
"Stratified Societies",4741,294,4810,1908,2659
"Stratified Societies",4164,1265,4224,2327,2903
"Stratified Societies",3311,1247,3856,1848,2664
"Stratified Societies",3251,1385,3690,1785,2306
"Stratified Societies",3950,1569,4435,1800,2837
"Stratified Societies",4133,915,3580,1961,3147
"Stratified Societies",2887,1404,4149,2562,2992
"Stratified Societies",4473,1103,4281,2717,2853
"Stratified Societies",3245,1011,3860,1760,2224
"Stratified Societies",4043,693,4761,2427,3064
"Stratified Societies",3932,1098,4079,2897,2895
"Stratified Societies",5187,1151,4155,1567,3988
"Stratified Societies",4411,992,4340,2096,2938
"Stratified Societies",3869,1240,4356,1713,2640
"Stratified Societies",3660,1206,4740,2056,2568
"Stratified Societies",3511,815,3972,1747,2166
"Stratified Societies",4552,974,4295,2028,2639
"Stratified Societies",3973,1279,3646,1738,3028
"Stratified Societies",3567,1104,4326,1863,2752
"Stratified Societies",3917,1396,4255,1443,2841
"Stratified Societies",4124,1348,4187,1664,2309
"Stratified Societies",3391,976,3375,2538,2863
"Stratified Societies",3134,1145,4415,1864,2681
"Stratified Societies",3409,1721,4677,1718,2694
"Stratified Societies",3844,1431,4280,1727,2551
"Stratified Societies",3192,1362,4173,1030,2581
"Stratified Societies",3941,655,4361,1331,2121
"Stratified Societies",4444,1156,3897,1732,3240
"Stratified Societies",3674,1553,4748,1885,3664
"Stratified Societies",3815,754,4363,1983,2151
"Stratified Societies",3676,940,4323,1966,2184
"Stratified Societies",3700,1136,3444,1664,3406
"Stratified Societies",4301,1430,5107,2100,3126
"Stratified Societies",3232,1115,3998,1855,2590
"Stratified Societies",3687,990,4281,2005,2524
"Stratified Societies",3492,854,4055,1765,2751
"Stratified Societies",4029,1123,5307,1575,2660
"Stratified Societies",3241,1112,4358,2622,3201
"Stratified Societies",4017,964,4553,1480,2644
"Stratified Societies",3827,1278,3827,1745,2753
"Stratified Societies",3438,948,3263,1887,2554
"Stratified Societies",3626,1243,3303,902,2491
"Stratified Societies",3631,1334,4090,1792,2693
"Stratified Societies",4115,1387,3546,1405,2637
"Stratified Societies",3520,1485,4248,1864,2718
"Stratified Societies",3801,924,5077,1887,2023
"Stratified Societies",3850,1378,4230,1547,2247
"Stratified Societies",4024,1408,4787,2274,2666
"Stratified Societies",3583,2071,4002,910,2346
"Stratified Societies",3877,2361,4516,1894,2758
"Stratified Societies",3501,1950,4562,2278,2435
"Stratified Societies",3761,1127,4158,1719,2516
"Stratified Societies",4601,1923,3680,1984,3455
"Stratified Societies",4719,1323,4297,2566,2968
"Stratified Societies",3575,1158,4097,1662,2421
"Stratified Societies",4409,1237,4649,2163,2934
"Stratified Societies",3918,1390,4159,1776,2958
"Stratified Societies",2896,1577,4283,2570,2616
"Stratified Societies",4017,1055,3691,1920,2807
"Stratified Societies",4231,868,4070,1871,1586
"Stratified Societies",4682,1313,4262,2108,2879
"Stratified Societies",3493,1068,4355,1675,2674
"Stratified Societies",3661,1357,4471,1310,2431
"Stratified Societies",4472,1612,4369,1995,2703
"Stratified Societies",3973,1429,3576,2145,3368
"Stratified Societies",4361,1014,4147,1937,3263
"Stratified Societies",4121,1427,4091,1173,2705
"Stratified Societies",3699,1521,5295,1835,3567
"Stratified Societies",4007,1396,4277,2071,3349
"Stratified Societies",3654,1452,4103,1879,2802
"Stratified Societies",3879,931,3946,1705,2813
"Stratified Societies",4784,1404,4342,2431,2708
"Stratified Societies",4146,1552,4490,2238,2877
"Stratified Societies",3575,1073,4205,1968,3012
"Stratified Societies",3939,1830,5262,1913,2596
"Stratified Societies",4175,1563,4829,2056,3886
"Stratified Societies",3585,1492,4185,2801,2580
"Stratified Societies",3028,1137,4545,2150,2899
"Stratified Societies",3984,1170,4119,1819,2731
"Stratified Societies",3725,1854,3964,1826,1931
"Stratified Societies",3620,1100,4316,1935,2566
"Stratified Societies",3652,1493,4282,1090,2758
"Stratified Societies",4043,1572,4504,2652,3007
"Stratified Societies",3894,2150,4370,1705,2376
"Stratified Societies",3689,1485,3387,1892,2717
"Stratified Societies",3294,1245,4171,2865,3673
"Stratified Societies",3505,1637,4317,1969,2344
"Stratified Societies",4469,1447,4069,1007,2608
"Stratified Societies",4244,1323,3974,1486,2646
"Stratified Societies",3394,1391,3479,1711,3040
"Stratified Societies",3869,2079,4181,2169,2493
"Stratified Societies",3797,1172,4521,2568,2770
"Stratified Societies",3583,1326,4173,1950,3098
"Stratified Societies",3954,1396,5260,2107,2953
"Stratified Societies",4205,1913,4460,1884,2192
"Stratified Societies",3750,1335,4164,1043,2523
"Stratified Societies",3907,2271,4596,2001,2889
"Stratified Societies",3741,1648,4733,1888,2928
"Stratified Societies",4210,1079,4878,2589,2542
"Stratified Societies",4076,1408,4433,2519,2954
"Stratified Societies",3402,1430,4841,1646,2362
"Stratified Societies",4416,1286,4743,2295,2951
"Stratified Societies",3876,1356,4151,1948,2550
"Stratified Societies",4032,712,5240,1717,2487
"Stratified Societies",3790,2056,4052,2299,2561
"Stratified Societies",4119,1996,4951,2618,2885
"Stratified Societies",3088,638,3942,1853,2362
"Stratified Societies",3750,1288,5008,2963,2618
"Stratified Societies",4186,678,4264,2084,2678
"Stratified Societies",2840,787,4509,939,2838
"Stratified Societies",3444,1341,4098,1868,2947
"Stratified Societies",3279,1431,4251,1909,2367
"Stratified Societies",3695,1128,4618,937,2656
"Stratified Societies",3680,373,3421,1675,1721
"Stratified Societies",3956,1348,4148,1920,3581
"Stratified Societies",3869,1521,4670,1897,3010
"Stratified Societies",3305,908,5086,1824,3361
"Stratified Societies",4243,1102,3792,2086,3019
"Stratified Societies",3746,650,4420,2006,2872
"Stratified Societies",3756,1154,4675,1821,2630
"Stratified Societies",4108,1264,4320,2063,2738
"Stratified Societies",4099,1110,4167,1827,2789
"Stratified Societies",4364,1552,4508,1872,2621
"Stratified Societies",3573,1561,4188,1678,2723
"Stratified Societies",3426,1391,4374,1913,2385
"Stratified Societies",3987,1255,4352,1994,2089
"Stratified Societies",4024,1232,4527,1469,2705
"Stratified Societies",3567,781,4144,1533,2656
"Stratified Societies",3792,1357,3277,2040,3441
"Stratified Societies",3934,2043,3724,2036,2416
"Stratified Societies",3878,2197,5344,1875,2937
"Stratified Societies",3605,1281,3956,1697,3015
"Stratified Societies",3855,937,3623,2049,2409
"Stratified Societies",4870,1175,5839,1775,2880
"Stratified Societies",3651,1023,4497,2521,2433
"Stratified Societies",4886,1170,4513,1933,2885
"Stratified Societies",3797,760,3810,1278,2658
"Stratified Societies",2864,1386,3557,1697,3624
"Stratified Societies",3681,1368,4262,1932,2410
"Stratified Societies",4037,768,4588,1303,2505
"Stratified Societies",4233,1047,3827,2085,3698
"Stratified Societies",3639,1007,5019,1653,2547
"Stratified Societies",4215,466,4372,2034,2771
"Stratified Societies",3544,628,3840,1364,2106
"Stratified Societies",3698,656,4781,2387,3017
"Stratified Societies",3719,446,3999,2789,2512
"Stratified Societies",3851,908,4504,2108,3621
"Stratified Societies",4117,1424,4725,1690,3726
"Stratified Societies",3538,1340,4415,1491,3103
"Stratified Societies",3156,1314,4256,1760,2986
"Stratified Societies",3718,1375,3635,2056,2745
"Stratified Societies",4501,1354,3756,1059,2652
"Stratified Societies",3928,1844,4300,2509,2943
"Stratified Societies",5015,1212,5104,1922,2581
"Stratified Societies",3695,1343,4926,2076,2919
"Stratified Societies",3322,1200,4505,2025,2439
"Stratified Societies",4034,2096,4543,1817,2532
"Stratified Societies",3285,1304,4239,1676,1609
"Stratified Societies",4072,1382,4504,1829,2851
"Stratified Societies",3996,1113,4221,2042,2795
"Stratified Societies",3741,2103,4372,2352,2716
"Stratified Societies",3938,1015,4422,2026,1901
"Stratified Societies",2989,1256,4498,1718,2907
"Stratified Societies",4016,1699,5104,1510,3738
"Stratified Societies",4058,1727,4442,2042,2861
"Stratified Societies",4162,1137,4679,2360,2676
"Stratified Societies",3408,1427,4411,2060,1758
"Stratified Societies",3317,993,4346,1494,2942
"Stratified Societies",4030,1159,4672,2129,2508
"Stratified Societies",3890,1679,4561,1936,2184
"Stratified Societies",3393,2162,4536,1997,2713
"Stratified Societies",3762,1131,5270,2098,2578
"Stratified Societies",4100,1274,4219,1827,2604
"Stratified Societies",3915,1150,4347,2092,2869
"Stratified Societies",4574,1454,4379,2602,3434
"Stratified Societies",4083,2121,4474,1782,2809
"Stratified Societies",3400,1485,4236,1603,2460
"Stratified Societies",3158,1329,4460,1962,2724
"Stratified Societies",4388,2093,4365,1813,2752
"Stratified Societies",4095,1341,4582,2032,3453
"Stratified Societies",3521,1225,3972,985,2681
"Stratified Societies",3530,1312,4684,2772,2730
"Stratified Societies",3833,453,4070,1732,2931
"Stratified Societies",3637,1768,4208,991,2880
"Stratified Societies",4009,1085,3497,2103,2909
"Stratified Societies",3891,1392,4337,1441,2318
"Stratified Societies",3719,1121,4252,2179,2270
"Stratified Societies",4656,1451,5395,1989,2857
"Stratified Societies",3665,1386,5155,2057,2442
"Stratified Societies",4525,1115,4119,2660,2556
"Stratified Societies",3857,1863,4959,2048,2898
"Stratified Societies",4414,1213,4582,1902,3242
"Stratified Societies",4219,2248,3748,1910,2842
"Stratified Societies",3684,1633,4201,2167,2991
"Stratified Societies",2745,449,4628,1627,2256
"Stratified Societies",4611,908,4904,1838,2716
"Stratified Societies",4083,2221,5072,2501,2672
"Stratified Societies",3778,905,3966,1734,2916
"Stratified Societies",3673,1128,4319,1890,2792
"Stratified Societies",4067,1258,4951,2233,3323
"Stratified Societies",4168,1529,4072,2187,2625
"Stratified Societies",4912,2179,4724,1933,2990
"Stratified Societies",4393,1179,3761,1800,2885
"Stratified Societies",4193,2044,4274,2708,2658
"Stratified Societies",3496,1186,4543,2055,3852
"Stratified Societies",3540,929,3584,1002,2577
"Stratified Societies",4126,1451,4691,2143,2231
"Stratified Societies",3967,786,3333,1773,2332
"Stratified Societies",3321,1028,3883,1816,2765
"Stratified Societies",3893,1363,4468,2058,2543
"Stratified Societies",4189,1093,3744,1966,2756
"Stratified Societies",3068,804,3947,859,2198
"Stratified Societies",3996,1066,5446,1813,2788
"Stratified Societies",3417,371,3499,2060,2684
"Stratified Societies",3179,873,4122,1424,2592
"Stratified Societies",3531,357,4004,1718,1648
"Stratified Societies",3675,646,4753,1863,2772
"Stratified Societies",3955,792,4398,1896,2970
"Stratified Societies",4504,1262,4026,2114,2648
"Stratified Societies",3612,1720,3112,1811,2647
"Stratified Societies",4046,770,4373,1729,2503
"Stratified Societies",4178,1151,3724,1834,2415
"Stratified Societies",3806,1540,3987,1504,2860
"Stratified Societies",3658,875,4112,1933,3488
"Stratified Societies",3806,983,4208,1673,2436
"Stratified Societies",2877,1284,3988,2393,2851
"Stratified Societies",3658,2061,4342,1815,2711
"Stratified Societies",3472,1357,4619,1758,2408
"Stratified Societies",4005,1312,4502,1566,2632
"Stratified Societies",4028,1533,4192,2027,2808
"Stratified Societies",3996,1422,4506,2068,2869
"Stratified Societies",2917,1266,4521,2195,2572
"Stratified Societies",4016,1845,3945,2393,2405
"Stratified Societies",4152,1582,3815,1958,2823
"Stratified Societies",3492,2065,3772,1043,1772
"Stratified Societies",3637,354,3158,2037,2520
"Stratified Societies",3823,276,4657,2088,2590
"Stratified Societies",3566,1200,3968,2096,3214
"Stratified Societies",3713,1149,3888,1920,2613
"Stratified Societies",3356,1155,4620,1870,2978
"Stratified Societies",3121,1097,3220,1873,2394
"Stratified Societies",3550,1362,4172,2090,2541
"Stratified Societies",3607,1047,4221,1653,2517
"Stratified Societies",4377,1617,4430,1666,2568
"Stratified Societies",2666,1197,4327,2366,2406
"Stratified Societies",3625,866,4142,926,1705
"Stratified Societies",5046,1518,4380,1997,2219
"Stratified Societies",3495,1303,3678,2133,2630
"Stratified Societies",3644,1715,3416,2028,2676
"Stratified Societies",3440,1415,3944,2656,2196
"Stratified Societies",4886,1792,4608,2118,2940
"Stratified Societies",4541,1352,4622,2125,2974
"Stratified Societies",3996,1333,4849,2485,2368
"Stratified Societies",2815,1363,4275,2211,2640
"Stratified Societies",4055,2048,4440,2040,3313
"Stratified Societies",3448,1921,4975,1894,2509
"Stratified Societies",3786,1823,4251,1995,2777
"Stratified Societies",4594,2140,4357,1695,2480
"Stratified Societies",4148,1134,4798,2198,2720
"Stratified Societies",4138,1163,4556,1712,2692
"Stratified Societies",4027,1170,4462,2156,2576
"Stratified Societies",4037,1084,4877,1876,3503
"Stratified Societies",3945,907,3960,1956,2581
"Stratified Societies",4441,1365,3634,1676,2679
"Stratified Societies",3235,963,3833,1514,3099
"Stratified Societies",2804,1357,3801,1773,2098
"Stratified Societies",4570,2180,4433,1644,2762
"Stratified Societies",3720,1089,4100,2854,3127
"Stratified Societies",3857,1084,5188,1695,2468
"Stratified Societies",3484,1116,4045,1626,1935
"Stratified Societies",4282,1148,4796,2312,2189
"Stratified Societies",4801,1183,4414,2082,2919
"Stratified Societies",4104,1245,5074,1873,3614
"Stratified Societies",3792,1306,4320,1957,2720
"Stratified Societies",3884,1243,3802,1632,2322
"Stratified Societies",3536,1441,4394,1369,2777
"Stratified Societies",3635,1275,4227,1880,2245
"Stratified Societies",3820,1685,4693,1786,3187
"Stratified Societies",4625,1378,5314,2164,2681
"Stratified Societies",4011,1104,4078,1884,2177
"Stratified Societies",3787,1701,4141,2674,2569
"Stratified Societies",3733,1281,4331,1781,1737
"Stratified Societies",4140,957,3705,1629,2328
"Stratified Societies",3688,1099,4381,1789,1906
"Stratified Societies",3472,1531,3903,1655,1991
"Stratified Societies",3886,1449,4282,2055,2647
"Stratified Societies",3857,1384,3747,2528,2851
"Stratified Societies",3764,2298,4586,1369,2934
"Stratified Societies",3144,1597,4492,2213,2568
"Stratified Societies",3462,1751,4042,2380,2461
"Stratified Societies",3960,1540,4251,1806,2466
"Stratified Societies",3662,1035,4306,1681,2062
"Stratified Societies",4196,1334,3997,1781,2286
"Stratified Societies",3965,1502,4587,2096,2940
"Stratified Societies",3987,800,4079,1948,2809
"Stratified Societies",3099,1244,4172,1733,2748
"Stratified Societies",3137,998,4319,1726,2497
"Stratified Societies",3793,1302,4455,1620,2753
"Stratified Societies",3893,1401,4180,1950,2590
"Stratified Societies",3480,1053,4318,1732,2610
"Stratified Societies",3866,1826,4257,2007,2786
"Stratified Societies",3692,1511,4361,2133,3085
"Stratified Societies",4024,1390,4508,2120,2718
"Stratified Societies",4172,1626,3707,2173,3049
"Stratified Societies",3695,1360,4221,1813,3612
"Stratified Societies",3485,664,4476,950,2362
"Stratified Societies",3588,1277,4329,1017,2067
"Stratified Societies",3211,1206,4072,2613,2563
"Stratified Societies",3739,1357,5238,1610,2087
"Stratified Societies",3360,1195,4251,2400,2775
"Stratified Societies",3894,1740,4236,1888,2686
"Stratified Societies",3767,922,3988,1873,2640
"Stratified Societies",4280,1796,4480,2439,2746
"Stratified Societies",4626,1320,4628,1886,2992
"Stratified Societies",4262,1603,4468,1881,3629
"Stratified Societies",2810,1309,3459,1926,2659
"Stratified Societies",2959,1348,4441,1417,2667
"Stratified Societies",4205,671,4514,1647,3158
"Stratified Societies",3686,436,4231,1821,2723
"Stratified Societies",4036,1175,4590,2204,3004
"Stratified Societies",3937,1209,4842,1640,2770
"Stratified Societies",3458,1745,4280,1954,2460
"Stratified Societies",3554,1057,3548,1880,3148
"Stratified Societies",3982,1149,4484,1794,2839
"Stratified Societies",3490,1962,4098,1745,2625
"Stratified Societies",4036,1155,4625,1996,3220
"Stratified Societies",3725,1427,4004,2186,2906
"Stratified Societies",3630,1114,3645,1423,1695
"Stratified Societies",3732,1456,4501,2539,2439
"Stratified Societies",3779,1339,4482,2036,3039
"Stratified Societies",4083,1157,4236,1812,3318
"Stratified Societies",3682,1103,4759,1792,3481
"Stratified Societies",4088,1441,4675,1866,2947
"Stratified Societies",3900,384,4043,1920,2903
"Stratified Societies",4259,911,4067,1708,2726
"Stratified Societies",3175,1110,3651,1742,2291
"Stratified Societies",3170,1347,5509,3130,2277
"Stratified Societies",3498,1752,4124,1259,2607
"Stratified Societies",2830,1348,5092,1877,2827
"Stratified Societies",3589,1363,3442,1775,3699
"Stratified Societies",3775,2084,4580,1893,2460
"Stratified Societies",4132,1173,4043,1943,2725
"Stratified Societies",3776,1197,4102,1391,2377
"Stratified Societies",3280,1662,4274,1713,2918
"Stratified Societies",3843,1403,4642,1371,2975
"Stratified Societies",4160,1250,4506,2210,2975
"Stratified Societies",3830,1327,4017,1704,2731
"Stratified Societies",3785,1948,3990,1929,2574
"Stratified Societies",3439,1392,4205,1916,2946
"Stratified Societies",3938,1562,3519,1798,2516
"Stratified Societies",4081,356,4333,1946,2805
"Stratified Societies",3554,1211,4921,1347,2427
"Stratified Societies",3581,1095,4483,1745,3196
"Stratified Societies",3969,1867,4267,1632,2939
"Stratified Societies",4171,1519,4519,1951,3320
"Stratified Societies",4477,1116,4143,2165,2726
"Stratified Societies",3639,937,4649,1908,2540
"Stratified Societies",3664,1900,3963,1607,2552
"Stratified Societies",4001,1400,4136,1927,1855
"Stratified Societies",3848,654,4411,1895,2579
"Stratified Societies",3419,1177,4011,1810,2222
"Stratified Societies",2968,643,4113,2024,2888
"Stratified Societies",4266,1258,4609,2893,2639
"Stratified Societies",3792,1316,4275,2760,2282
"Stratified Societies",3903,1191,4308,1922,2701
"Stratified Societies",3485,1941,4075,1857,2790
"Stratified Societies",3989,403,5057,1911,2880
"Stratified Societies",3889,1210,4706,2853,2698
"Stratified Societies",4027,1240,4745,2114,3083
"Stratified Societies",3774,1152,5207,1838,2448
"Stratified Societies",3272,1510,4619,2192,2655
"Stratified Societies",4334,1873,4967,1790,2591
"Stratified Societies",4164,1225,5285,1779,3511
"Stratified Societies",4018,2156,4712,2125,2876
"Stratified Societies",3869,378,4216,2068,2932
"Stratified Societies",4795,1204,4429,1868,2726
"Stratified Societies",3646,1370,4751,1617,2998
"Stratified Societies",4003,2211,4453,1878,2532
"Stratified Societies",2829,1481,4407,1036,2798
"Stratified Societies",3726,662,4226,2528,2973
"Stratified Societies",3362,1348,4251,1690,2799
"Stratified Societies",3711,1451,4763,2604,2673
"Stratified Societies",2842,1295,3339,1916,2567
"Stratified Societies",3900,1162,3371,2089,2582
"Stratified Societies",4488,1154,4698,1912,2276
"Stratified Societies",3470,849,3943,1893,2614
"Stratified Societies",4157,1426,3909,2144,2717
"Stratified Societies",3575,1368,3702,1327,2469
"Stratified Societies",3727,799,4397,1795,2598
"Stratified Societies",4556,1420,5373,2114,3421
"Stratified Societies",3529,903,4141,1982,3344
"Stratified Societies",4068,1467,3258,1913,3502
"Stratified Societies",3635,1388,4505,2771,2719
"Stratified Societies",3960,2160,4172,2535,3631
"Stratified Societies",3434,1258,4315,1874,3220
"Stratified Societies",3444,857,4090,1689,2523
"Stratified Societies",4350,1053,3560,1045,2777
"Stratified Societies",4822,1415,3759,1840,2705
"Stratified Societies",3570,1002,4043,1705,3016
"Stratified Societies",4141,706,3930,2162,2990
"Stratified Societies",4394,1104,4021,2277,2363
"Stratified Societies",3800,1087,3944,1911,2623
"Stratified Societies",4641,1360,5140,1783,2579
"Stratified Societies",3684,1224,4359,2424,2436
"Stratified Societies",3313,1051,4724,1885,2856
"Stratified Societies",3563,1099,4322,2213,2454
"Stratified Societies",3725,1409,4293,1370,3486
"Stratified Societies",4802,1547,4007,1847,2334
"Stratified Societies",3777,1343,4135,1761,2319
"Stratified Societies",3830,1327,5018,1997,2847
"Stratified Societies",4018,474,4511,1643,2872
"Stratified Societies",3480,1996,4750,1863,3562
"Stratified Societies",3927,1358,4225,1973,3203
"Stratified Societies",4396,1396,4412,1764,2745
"Stratified Societies",3346,1401,4192,2063,2997
"Stratified Societies",4097,1490,4591,1541,2766
"Stratified Societies",3264,1520,4523,1812,2716
"Stratified Societies",4031,1125,4319,1352,2666
"Stratified Societies",3695,1394,4196,1059,2270
"Stratified Societies",3642,1291,4273,2179,2432
"Stratified Societies",3635,1521,4129,2035,3128
"Stratified Societies",3659,1172,4016,2079,2528
"Stratified Societies",4169,1358,4541,2069,2723
"Stratified Societies",3880,1347,5181,1903,2966
"Stratified Societies",3885,1116,3579,1341,2993
"Stratified Societies",4745,2258,4737,1987,2143
"Stratified Societies",3871,1042,4717,2034,2801
"Stratified Societies",3431,1458,4692,2673,2743
"Stratified Societies",3745,1367,4120,1437,3556
"Stratified Societies",3747,265,5033,1878,3478
"Stratified Societies",3419,1031,4128,967,2302
"Stratified Societies",3672,647,4162,1845,2777
"Stratified Societies",3283,1220,3953,1801,2500
"Stratified Societies",3670,421,3866,1880,2368
"Stratified Societies",4725,1888,4179,1669,2757
"Stratified Societies",3975,1324,4531,1828,2801
"Stratified Societies",3400,1020,4550,1672,2729
"Stratified Societies",3682,1238,4743,1923,2922
"Stratified Societies",4518,997,4113,1929,2649
"Stratified Societies",3735,725,4124,1860,2634
"Stratified Societies",3832,1234,4216,1907,2753
"Stratified Societies",3026,1170,4450,1732,3604
"Stratified Societies",3503,357,4209,1980,3522
"Stratified Societies",4165,1298,4043,1914,1633
"Stratified Societies",3659,1821,4163,2052,3143
"Stratified Societies",3794,1430,5398,1714,3762
"Stratified Societies",3737,1227,3978,1377,2848
"Stratified Societies",3881,1471,4681,1397,3671
"Stratified Societies",3563,651,4430,1670,2980
"Stratified Societies",2622,1257,4801,1910,2549
"Stratified Societies",3765,799,3913,2051,2280
"Stratified Societies",3648,1208,4107,1773,1694
"Stratified Societies",3578,997,4147,1801,2245
"Stratified Societies",3802,1035,4556,2095,2594
"Stratified Societies",3547,753,3687,1982,2779
"Stratified Societies",4131,1059,4271,1088,2330
"Stratified Societies",3868,1385,4151,2062,2516
"Stratified Societies",3916,1289,4739,1207,3052
"Stratified Societies",4369,284,5104,1846,2814
"Stratified Societies",3214,1317,3808,1054,2394
"Stratified Societies",4414,257,3874,2630,2254
"Stratified Societies",3598,1148,4090,2007,2666
"Stratified Societies",3641,1123,4855,2096,2711
"Stratified Societies",3347,1563,3843,2148,2701
"Stratified Societies",3710,754,3842,1727,3173
"Stratified Societies",3583,1183,4527,2068,3002
"Stratified Societies",3951,1534,4942,1832,3405
"Stratified Societies",2861,1447,4051,2237,2496
"Stratified Societies",3483,983,4435,2148,2495
"Stratified Societies",3479,1224,4040,1599,1999
"Stratified Societies",3041,1222,4215,1326,2960
"Stratified Societies",3812,1173,4300,2465,2896
"Stratified Societies",3849,1459,4241,2017,2196
"Stratified Societies",3682,1252,3711,1760,2724
"Stratified Societies",3608,1161,4098,2586,3425
"Stratified Societies",3409,1382,4021,1696,2742
"Stratified Societies",5188,1484,4414,2331,2800
"Stratified Societies",4638,1011,4024,1750,2487
"Stratified Societies",4835,1116,4629,2621,2813
"Stratified Societies",2960,377,4227,1814,2572
"Stratified Societies",3576,1114,3481,2328,2598
"Stratified Societies",3521,463,4258,2021,2579
"Stratified Societies",3523,1641,4256,2054,2009
"Stratified Societies",3696,1227,3925,1619,1664
"Stratified Societies",3848,1123,3916,1418,2423
"Stratified Societies",3689,1708,4159,1528,2921
"Stratified Societies",3017,1368,4153,2149,2936
"Stratified Societies",2843,1120,4169,1971,2921
"Stratified Societies",3399,2069,4039,1222,2777
"Stratified Societies",3743,1681,4575,2730,2648
"Stratified Societies",3836,1538,4347,2216,2640
"Stratified Societies",3725,632,4230,1698,2675
"Stratified Societies",3710,1004,4421,2638,2415
"Stratified Societies",4540,1418,4584,1850,2913
"Stratified Societies",4280,1182,4734,2452,2790
"Stratified Societies",3518,1424,4237,1658,2023
"Stratified Societies",3772,1401,4439,2372,2402
"Stratified Societies",3752,997,4602,2252,2354
"Stratified Societies",3967,1111,5253,1646,2445
"Stratified Societies",3858,360,4173,2424,3059
"Stratified Societies",3269,1311,3998,1675,2753
"Stratified Societies",3705,1213,4312,1986,3896
"Stratified Societies",3643,1277,4137,2591,3323
"Stratified Societies",2892,1229,4837,2479,2523
"Stratified Societies",4007,1174,3662,2316,2193
"Stratified Societies",4135,1088,4278,1767,3245
"Stratified Societies",4156,1164,5066,2039,3024
"Stratified Societies",3788,1416,4151,2031,2916
"Stratified Societies",3961,1288,3925,1316,2553
"Stratified Societies",3699,1077,5157,1972,2544
"Stratified Societies",3610,1215,4582,1047,2574
"Stratified Societies",4313,392,4568,1090,3149
"Stratified Societies",3345,979,4768,2140,2956
"Stratified Societies",4165,1104,4646,1979,2734
"Stratified Societies",3199,1395,4371,1745,2548
"Stratified Societies",3683,948,4180,1806,2814
"Stratified Societies",3782,1498,4708,1770,2570
"Stratified Societies",4309,1114,4568,2161,2674
"Stratified Societies",3729,1070,4459,942,2602
"Stratified Societies",3855,1065,4782,1822,2746
"Stratified Societies",4201,495,4706,1892,3017
"Stratified Societies",3944,1794,4197,1984,2497
"Stratified Societies",2729,1025,3303,2143,1759
"Stratified Societies",4138,1131,4288,1768,2648
"Stratified Societies",3455,1406,3447,2075,2682
"Stratified Societies",4097,497,4488,1801,2055
"Stratified Societies",3492,1728,4599,1710,2451
"Stratified Societies",3727,1158,3934,1754,2324
"Stratified Societies",3682,2103,3495,2728,1996
"Stratified Societies",3570,1803,3711,2025,2296
"Stratified Societies",3689,1236,4026,1723,2544
"Stratified Societies",4229,1136,4706,2891,3016
"Stratified Societies",3483,1363,4768,2091,2179
"Stratified Societies",4127,699,4192,1884,1808
"Stratified Societies",3728,1257,4130,1896,1701
"Stratified Societies",3825,1473,4286,2028,2094
"Stratified Societies",3434,1446,4031,1650,2389
"Stratified Societies",3636,1048,4453,2793,2597
"Stratified Societies",3936,667,4503,2037,2827
"Stratified Societies",3897,696,4253,2877,2241
"Stratified Societies",3445,1715,3803,1499,2529
"Stratified Societies",3947,663,4389,931,2671
"Stratified Societies",3692,1393,5054,2101,2404
"Stratified Societies",4624,1708,4715,1970,3327
"Stratified Societies",4054,1421,4481,2076,2918
"Stratified Societies",3978,995,4500,1820,2726
"Stratified Societies",3767,1605,4549,2092,2901
"Stratified Societies",3846,278,5285,1355,2854
"Stratified Societies",3633,1247,4118,1872,2670
"Stratified Societies",3430,1039,4434,1589,2442
"Stratified Societies",4542,1083,4289,1429,2793
"Stratified Societies",3930,1514,4435,1835,3003
"Stratified Societies",4082,1412,4195,1699,2824
"Stratified Societies",3462,1232,4750,1753,3471
"Stratified Societies",3567,1173,3861,1736,3177
"Stratified Societies",3718,1128,3723,2035,2657
"Stratified Societies",3729,1472,3814,2008,2361
"Stratified Societies",3887,1356,4404,2864,2557
"Stratified Societies",2854,1097,4050,1913,2680
"Stratified Societies",3642,1111,5211,1882,3631
"Stratified Societies",3517,1487,3743,1963,2556
"Stratified Societies",4499,1265,4683,1860,2679
"Stratified Societies",3833,1248,4368,2226,2415
"Stratified Societies",4064,1428,4316,1670,2584
"Stratified Societies",4069,1006,4899,1796,2257
"Stratified Societies",3766,1153,4229,1959,2686
"Stratified Societies",4010,1116,4205,1818,2586
"Stratified Societies",4340,1355,3935,2119,3250
"Stratified Societies",4478,2035,4225,2668,3421
"Stratified Societies",3911,1513,5177,2553,2854
"Stratified Societies",4302,1320,4193,2837,3327
"Stratified Societies",3763,1396,4581,2549,2441
"Stratified Societies",5130,1238,4814,1926,3226
"Stratified Societies",2915,756,4730,1949,2602
"Stratified Societies",3307,1169,4006,1892,3547
"Stratified Societies",4841,1456,5240,1838,2782
"Stratified Societies",4514,1766,4901,2353,2459
"Stratified Societies",3989,1020,3932,1397,2991
"Stratified Societies",3897,929,4701,1849,2896
"Stratified Societies",3465,1145,4294,2089,2608
"Stratified Societies",3489,441,4146,1936,2674
"Stratified Societies",3462,1525,4410,1588,3264
"Stratified Societies",2899,1392,4209,2011,2528
"Stratified Societies",3981,1174,4754,2370,1887
"Stratified Societies",4063,2308,5361,2993,2835
"Stratified Societies",3898,364,4380,1982,2641
"Stratified Societies",3119,1230,4346,1805,2844
"Stratified Societies",3905,490,4156,1869,2462
"Stratified Societies",3621,1377,3807,1789,2635
"Stratified Societies",3721,1266,4067,1743,2491
"Stratified Societies",3540,1089,4440,1730,2834
"Stratified Societies",3808,1211,3880,1732,2593
"Stratified Societies",3638,1141,4477,1795,2785
"Stratified Societies",4263,1492,4823,1675,3900
"Stratified Societies",3756,1170,4573,1202,3010
"Stratified Societies",3674,1091,4513,2051,2795
"Stratified Societies",3967,1265,4491,1838,2864
"Stratified Societies",3226,968,3695,1962,2516
"Stratified Societies",4276,1127,4399,1329,2891
"Stratified Societies",4401,1259,4001,1542,2618
"Stratified Societies",4317,1568,5161,1853,3475
"Stratified Societies",3617,1368,4897,2221,2818
"Stratified Societies",4466,1054,3960,2101,2463
"Stratified Societies",3829,1175,4514,2115,3193
"Stratified Societies",3965,1608,3608,2056,3060
"Stratified Societies",4033,2187,3806,1960,2539
"Stratified Societies",4243,1650,4357,1700,2760
"Stratified Societies",3305,1333,4544,2017,1893
"Stratified Societies",3726,1643,4198,1693,2631
"Stratified Societies",3861,1375,4089,1732,2719
"Stratified Societies",3477,1042,3132,1850,2663
"Stratified Societies",3128,1267,5097,2123,2778
"Stratified Societies",3536,1958,4857,1330,2396
"Stratified Societies",3926,2130,4540,2032,2234
"Stratified Societies",3865,1348,4140,1698,2776
"Stratified Societies",3838,2180,4350,1890,2184
"Stratified Societies",3593,1301,3832,1919,3073
"Stratified Societies",3611,1153,5019,3043,2679
"Stratified Societies",3596,1737,4133,1661,3099
"Stratified Societies",3513,1310,3917,891,2554
"Stratified Societies",3996,920,3796,1312,2280
"Stratified Societies",3819,1580,4478,2737,3342
"Stratified Societies",3801,898,3412,1844,2753
"Stratified Societies",3570,1118,4241,1959,2441
"Stratified Societies",3888,647,5221,2008,2787
"Stratified Societies",3545,1199,3314,2357,2457
"Stratified Societies",4337,675,4327,1821,2847
"Stratified Societies",3696,1306,5020,1818,2711
"Stratified Societies",3196,347,3792,1645,2229
"Stratified Societies",3962,1278,4729,2021,2802
"Stratified Societies",3910,1295,4430,1323,2697
"Stratified Societies",3853,1789,4724,2145,2689
"Stratified Societies",3513,1137,4466,1612,2902
"Stratified Societies",3802,1790,4148,1955,2164
"Stratified Societies",4137,1172,3761,1784,1982
"Stratified Societies",3517,916,3350,1255,2723
"Stratified Societies",3502,1127,4423,2152,3080
"Stratified Societies",3817,1197,3602,2430,2046
"Stratified Societies",3453,1743,3939,2368,2988
"Stratified Societies",3272,1255,3726,1640,3198
"Stratified Societies",4118,1133,4423,1877,1914
"Stratified Societies",3116,1241,4563,1493,3798
"Stratified Societies",4243,1307,4069,2535,2621
"Stratified Societies",3424,1080,4843,1653,2637
"Stratified Societies",4120,1201,4624,2041,3129
"Stratified Societies",4038,1272,4710,2082,2753
"Stratified Societies",4095,1185,4029,1778,2788
"Stratified Societies",3906,1527,4276,2024,2398
"Stratified Societies",4347,1654,4689,1865,2665
"Stratified Societies",3795,1164,4014,2679,2371
"Stratified Societies",3909,1200,3386,1988,1803
"Stratified Societies",3614,1119,5345,1887,2696
"Stratified Societies",4409,1113,4439,2345,2986
"Stratified Societies",3874,1001,4130,1937,2432
"Stratified Societies",4449,1117,3994,1814,2401
"Stratified Societies",3744,1266,4048,911,2862
"Stratified Societies",3486,1504,4604,2419,3339
"Stratified Societies",4012,2173,4775,2049,2777
"Stratified Societies",3827,1285,4370,981,1813
"Stratified Societies",4359,1651,4516,2522,2749
"Stratified Societies",3725,1131,4380,2149,1834
"Stratified Societies",3746,888,4240,1785,1942
"Stratified Societies",3671,2070,4084,1233,2222
"Stratified Societies",3408,1249,4427,2873,2377
"Stratified Societies",3640,1088,3278,1583,2950
"Stratified Societies",3739,1708,4324,1884,2542
"Stratified Societies",3916,393,3507,2144,2725
"Stratified Societies",3741,1372,4588,1574,2534
"Stratified Societies",4124,393,3704,1388,2724
"Stratified Societies",4040,1134,4549,1649,2174
"Stratified Societies",3524,1324,4093,1728,2498
"Stratified Societies",4853,1815,5173,2177,3483
"Stratified Societies",3770,1955,4244,1721,2739
"Stratified Societies",3813,1259,4972,1963,2487
"Stratified Societies",3725,1430,4013,1485,3061
"Stratified Societies",3407,1266,4645,1857,3086
"Stratified Societies",3513,1125,4370,1736,2538
"Stratified Societies",3880,904,4276,1557,2597
"Stratified Societies",4042,1179,4460,1803,3237
"Stratified Societies",3808,1036,4148,2149,2779
"Stratified Societies",3506,967,4517,1930,2850
"Stratified Societies",3331,1538,4576,1827,2831
"Stratified Societies",3977,1839,4301,2499,1904
"Stratified Societies",2919,1297,4194,1846,2909
"Stratified Societies",3134,1600,4595,1740,2196
"Stratified Societies",3577,1718,4295,1623,1913
"Stratified Societies",3713,1036,4244,2416,3346
"Stratified Societies",4026,920,4424,1850,2862
"Stratified Societies",3236,584,3882,1932,1599
"Stratified Societies",3662,1359,3677,2682,2969
"Stratified Societies",3021,1083,4720,2003,3822
"Stratified Societies",2980,393,4583,2645,2744
"Stratified Societies",4190,1306,4097,1686,2623
"Stratified Societies",3456,254,3728,967,2632
"Stratified Societies",3778,1660,4191,2070,3370
"Stratified Societies",4000,1046,4536,1954,2575
"Stratified Societies",4279,2086,4550,1996,3148
"Stratified Societies",3926,1355,4289,2043,2842
"Stratified Societies",3707,1103,4920,1042,2249
"Stratified Societies",4345,2200,4196,2005,2088
"Stratified Societies",3160,946,4091,1999,1883
"Stratified Societies",3677,649,3984,1436,2394
"Stratified Societies",3591,1277,4634,1635,2854
"Stratified Societies",3770,894,4447,2063,2868
"Stratified Societies",3897,1532,4585,2875,3510
"Stratified Societies",4133,1118,4374,2140,3007
"Stratified Societies",4231,1332,4259,2619,3444
"Stratified Societies",4028,1304,4732,2086,1768
"Stratified Societies",3340,1541,4114,1317,1723
"Stratified Societies",3487,1145,4052,1025,2602
"Stratified Societies",4767,1124,4618,1940,2556
"Stratified Societies",4224,1473,4297,2226,2750
"Stratified Societies",4110,1261,4493,1867,1791
"Stratified Societies",3867,1355,3860,2104,2937
"Stratified Societies",4197,667,4381,1343,2648
"Stratified Societies",3075,1553,5039,1713,2717
"Stratified Societies",4249,1126,4270,1896,2589
"Stratified Societies",4022,398,4424,2001,2994
"Stratified Societies",3036,1111,4431,2155,1833
"Stratified Societies",4052,1465,4020,2761,2300
"Stratified Societies",3486,1929,4002,1897,2981
"Stratified Societies",4125,1151,4271,1769,2969
"Stratified Societies",3586,1237,4790,1916,2762
"Stratified Societies",3661,1139,4130,2775,2705
"Stratified Societies",4300,1130,4314,1976,2522
"Stratified Societies",3373,1313,3872,1553,2571
"Stratified Societies",3968,791,4348,1136,2135
"Stratified Societies",3919,1251,4978,1938,2937
"Stratified Societies",3590,853,4338,1583,2482
"Stratified Societies",3777,1139,4568,1737,2910
"Stratified Societies",3848,1383,4045,1998,2802
"Stratified Societies",3880,628,4020,1940,2957
"Stratified Societies",4851,974,5160,1820,3628
"Stratified Societies",4096,683,4336,1374,2943
"Stratified Societies",3363,1210,3861,1780,2869
"Stratified Societies",4284,1542,4725,1892,2690
"Stratified Societies",3704,1507,4779,1852,2526
"Stratified Societies",3812,1278,4578,1352,2736
"Stratified Societies",3160,1316,4699,2113,2214
"Stratified Societies",3863,1322,4146,1565,2736
"Stratified Societies",3245,1018,4066,2197,2601
"Stratified Societies",4539,2358,4895,2078,3247
"Stratified Societies",3557,1384,4193,2527,3721
"Stratified Societies",3527,1018,3971,1613,2639
"Stratified Societies",3185,1093,4406,2859,2787
"Stratified Societies",3955,1163,3512,1062,2791
"Stratified Societies",3818,1345,4330,2176,2190
"Stratified Societies",2818,1284,4153,966,1786
"Stratified Societies",3409,1245,3956,1942,2715
"Stratified Societies",2768,1261,3836,1032,2431
"Stratified Societies",3283,997,3487,1697,2645
"Stratified Societies",3441,1564,4077,938,2815
"Stratified Societies",4207,1291,5018,1837,3583
"Stratified Societies",2965,1286,4392,1957,3028
"Stratified Societies",3931,1292,4969,1855,2364
"Stratified Societies",4640,1070,3948,2154,2638
"Stratified Societies",3666,980,3831,1988,2278
"Stratified Societies",3983,1058,4347,2082,2669
"Stratified Societies",3882,1271,4514,1856,2661
"Stratified Societies",2987,1815,4668,2061,3009
"Stratified Societies",3925,2091,4000,1763,2531
"Stratified Societies",4033,2291,4426,2776,3162
"Stratified Societies",4068,977,4558,1499,2648
"Stratified Societies",3282,1129,4375,858,2612
"Stratified Societies",3811,982,3997,2415,3356
"Stratified Societies",2856,1166,4050,1329,2608
"Stratified Societies",3398,1349,3927,1087,1848
"Stratified Societies",2760,1803,4083,1861,2778
"Stratified Societies",3479,1012,3740,1465,2394
"Stratified Societies",3879,943,4807,1693,3020
"Stratified Societies",4021,1504,5367,2615,2925
"Stratified Societies",4519,384,5432,1065,3260
"Stratified Societies",4031,1253,3802,2473,2560
"Stratified Societies",3957,1358,4412,1797,2579
"Stratified Societies",3914,1475,4668,1712,2599
"Stratified Societies",3717,1451,4188,1879,2132
"Stratified Societies",3941,786,4201,2712,2334
"Stratified Societies",2775,1073,3851,1951,2203
"Stratified Societies",3816,1374,4129,1901,2586
"Stratified Societies",3567,958,4445,2033,2386
"Stratified Societies",4168,1387,4830,1333,3048
"Stratified Societies",2624,1594,4088,1781,3320
"Stratified Societies",3868,1287,4783,1526,2316
"Stratified Societies",3739,1263,4450,1782,1689
"Stratified Societies",3596,1104,3024,1848,2362
"Stratified Societies",3820,682,3666,2097,3734
"Stratified Societies",3527,1418,4008,1839,2438
"Stratified Societies",3584,1333,5139,1008,3210
"Stratified Societies",3832,1371,3853,918,2466
"Stratified Societies",2977,1467,4337,2173,2658
"Stratified Societies",4230,1887,4738,1846,3013
"Stratified Societies",3558,1190,3793,1963,1849
"Stratified Societies",4582,992,5066,2730,2758
"Stratified Societies",3507,1321,4339,1302,2880
"Stratified Societies",3530,1816,4109,2038,2634
"Stratified Societies",3601,1378,4932,1695,2130
"Stratified Societies",3899,1099,4082,2091,2599
"Stratified Societies",3650,1326,4259,1554,3563
"Stratified Societies",2974,1089,4094,1848,3526
"Stratified Societies",3792,1310,4013,1963,2469
"Stratified Societies",3820,1549,5057,1777,2828
"Stratified Societies",3202,1372,4185,2375,2849
"Stratified Societies",4007,1354,5443,3039,2715
"Stratified Societies",3676,1470,3690,2273,2970
"Stratified Societies",3840,984,4270,1743,2617
"Stratified Societies",4010,1305,4663,2264,1873
"Stratified Societies",4251,1490,4096,1795,3117
"Stratified Societies",3987,297,4709,2735,2950
"Stratified Societies",4399,1286,3949,1815,2809
"Stratified Societies",4443,1222,3932,2647,2661
"Stratified Societies",4143,1408,4212,2046,2739
"Stratified Societies",3156,1796,4193,2123,3071
"Stratified Societies",3768,1074,4001,891,2462
"Stratified Societies",4150,1863,4484,1936,2574
"Stratified Societies",3763,666,4270,2225,2942
"Stratified Societies",4435,1102,4162,1863,2763
"Stratified Societies",3484,1393,4428,1801,3284
"Stratified Societies",3891,1391,4373,2080,3453
"Stratified Societies",3554,1058,4232,1797,2026
"Stratified Societies",3956,445,4228,1618,2455
"Stratified Societies",3711,450,4045,2145,2635
"Stratified Societies",3209,492,5069,1100,3270
"Stratified Societies",3785,996,4497,2997,2921
"Stratified Societies",4637,1361,4848,1114,2819
"Stratified Societies",2862,1286,4196,1956,2853
"Stratified Societies",3954,1604,4618,2120,2929
"Stratified Societies",3146,1369,4331,1970,2879
"Stratified Societies",3674,1092,3782,1963,2583
"Stratified Societies",3656,1198,3902,1644,2466
"Stratified Societies",2998,1331,4283,2079,2726
"Stratified Societies",3838,1120,3634,2096,3009
"Stratified Societies",3258,1738,4057,1778,2420
